,AAPL,ABB,AEP,AMGN,AMZN,BA,BAC,BBL,BCH,BHP,BP,BRK-A,BSAC,BUD,C,CAT,CELG,CHL,CHTR,CMCSA,CODI,CSCO,CVX,D,DHR,DIS,DUK,EXC,FB,GD,GE,GOOG,HD,HON,HRG,HSBC,IEP,INTC,JNJ,JPM,KO,LMT,MA,MCD,MDT,MMM,MO,MRK,MSFT,NEE,NGG,NVS,ORCL,PCG,PCLN,PEP,PFE,PG,PICO,PM,PPL,RDS-B,SLB,SNY,SO,SPLP,SRE,T,TM,TOT,TSM,UL,UN,UNH,UPS,UTX,V,VZ,WFC,WMT,XOM
AAPL,1.0,0.15,0.1,0.15,0.45,0.15,0.15,0.1,0.1,0.1,-0.15,0.3,0.1,0.1,0.15,0.15,0.15,0.1,0.15,0.15,0.1,0.3,0.1,0.1,0.15,0.3,0.1,0.1,0.4,0.1,0.15,0.65,0.3,0.15,0.1,0.1,0.1,0.3,0.15,0.15,0.1,0.1,0.3,0.15,0.15,0.15,-0.15,0.15,0.85,0.15,-0.15,0.15,0.3,0.1,0.15,0.15,0.15,0.15,0.15,-0.15,0.1,0.15,0.1,0.1,0.1,0.1,0.15,0.15,0.15,0.1,0.4,0.1,0.1,0.15,0.15,0.15,0.15,0.1,0.15,0.15,0.1
ABB,0.15,1.0,0.15,0.1,0.1,0.15,0.1,0.15,0.1,0.15,0.15,0.1,0.1,0.1,0.1,0.15,0.1,0.1,-0.15,0.1,0.1,0.1,0.1,0.1,0.15,-0.15,0.1,0.15,-0.15,0.1,0.3,-0.15,0.1,0.4,0.1,-0.15,0.1,0.1,0.15,-0.15,0.1,0.1,0.1,0.1,0.15,0.15,-0.15,0.15,0.15,0.15,0.1,0.15,0.1,0.1,0.1,0.1,0.1,0.1,0.1,-0.15,0.1,0.1,0.15,0.1,0.15,0.1,0.1,-0.15,0.1,0.1,0.1,0.15,0.15,0.15,0.15,0.15,0.1,0.1,-0.15,0.1,0.1
AEP,0.1,0.15,1.0,0.1,0.1,0.1,0.1,0.1,0.1,0.1,0.1,0.1,0.1,0.1,0.1,0.15,-0.15,0.1,0.1,0.15,0.1,0.15,0.1,0.15,0.1,0.1,0.65,0.45,-0.15,0.15,0.1,0.1,0.15,0.15,0.15,0.1,0.1,0.1,0.1,0.15,0.1,0.1,0.1,0.1,0.1,0.15,0.1,0.15,0.15,0.45,0.15,0.1,0.1,0.4,-0.15,0.1,0.1,0.1,0.1,0.1,0.45,0.1,0.1,0.1,0.4,0.15,0.15,0.15,0.1,0.15,0.1,0.15,0.15,0.15,0.1,0.15,0.15,0.15,0.1,0.1,0.1
AMGN,0.15,0.1,0.1,1.0,0.1,-0.15,-0.15,0.1,-0.15,0.1,-0.15,0.1,0.1,-0.15,-0.15,-0.1,0.45,-0.15,-0.15,0.1,0.1,0.1,0.1,0.1,0.15,0.1,0.1,0.1,0.1,0.1,0.1,0.1,-0.15,0.15,0.1,-0.15,-0.15,0.1,0.15,0.1,0.1,0.1,-0.15,0.1,0.3,0.15,0.1,0.3,0.15,0.1,0.1,0.15,0.1,-0.15,-0.15,0.1,0.3,0.15,0.1,0.15,0.1,0.1,0.1,0.15,0.1,-0.15,0.15,0.1,0.15,0.1,0.1,0.1,0.15,0.3,0.1,0.1,-0.15,0.1,-0.15,0.1,-0.15
AMZN,0.45,0.1,0.1,0.1,1.0,0.15,0.1,0.1,-0.15,0.1,-0.15,0.15,-0.15,0.1,0.15,0.15,0.1,0.15,0.15,0.3,0.15,0.15,-0.15,-0.15,0.15,0.3,-0.15,0.1,0.3,0.15,0.15,0.4,0.3,0.15,0.1,-0.15,-0.15,0.15,0.15,0.1,0.15,0.1,0.3,0.15,0.15,0.1,-0.15,0.1,0.3,0.15,-0.15,0.1,0.3,0.1,0.4,0.15,0.1,0.15,0.15,-0.15,-0.15,0.1,0.15,0.1,0.15,0.1,0.15,0.15,0.15,-0.15,0.3,0.15,0.15,0.15,0.45,0.15,0.15,0.1,0.1,0.45,0.1
BA,0.15,0.15,0.1,-0.15,0.15,1.0,0.1,0.15,-0.15,0.15,0.1,0.15,0.15,0.1,0.15,0.3,-0.15,-0.15,-0.15,-0.15,-0.15,-0.15,0.1,0.15,0.1,0.15,-0.15,-0.15,-0.15,0.15,0.15,0.1,0.1,0.15,-0.15,0.1,0.1,-0.15,0.1,0.1,-0.15,0.4,-0.15,0.1,0.1,0.15,-0.15,0.1,0.1,-0.15,0.1,-0.15,-0.3,-0.15,0.15,-0.15,0.1,-0.15,-0.15,-0.3,-0.15,0.1,0.15,-0.15,0.1,0.1,-0.1,0.15,0.15,-0.15,-0.15,0.15,0.15,0.1,0.15,0.3,0.15,-0.15,0.1,-0.15,0.1
BAC,0.15,0.1,0.1,-0.15,0.1,0.1,1.0,0.1,-0.15,0.1,0.15,0.65,0.15,0.1,0.15,0.1,0.1,-0.15,0.1,0.15,0.1,0.1,0.15,0.1,0.1,0.1,0.1,0.1,0.1,0.1,0.1,0.1,0.15,0.15,0.1,0.45,0.1,0.1,0.1,0.85,0.1,0.1,0.4,0.1,0.1,0.1,-0.15,0.15,0.15,0.1,-0.15,-0.15,0.15,0.1,0.1,0.15,0.15,0.15,-0.15,-0.15,0.1,0.1,0.15,0.1,0.1,0.1,0.1,0.15,0.15,0.15,0.1,0.1,0.1,0.1,0.15,0.1,0.15,0.1,0.75,0.15,0.15
BBL,0.1,0.15,0.1,0.1,0.1,0.15,0.1,1.0,0.1,0.85,0.45,0.1,0.1,0.15,-0.15,0.1,-0.15,0.1,-0.15,-0.15,0.1,-0.15,0.15,-0.15,0.1,-0.15,0.1,0.1,-0.15,0.1,-0.15,0.1,-0.15,0.1,-0.15,0.15,-0.15,-0.15,0.1,-0.1,0.1,-0.15,-0.15,0.1,0.1,0.1,-0.15,0.1,-0.15,0.1,0.1,0.1,-0.15,-0.15,0.15,0.1,0.1,0.1,-0.15,0.1,0.1,0.15,0.1,0.1,0.1,0.1,0.1,0.1,0.1,0.15,-0.15,0.1,0.1,0.1,0.1,-0.15,0.1,-0.15,-0.15,0.1,0.15
BCH,0.1,0.1,0.1,-0.15,-0.15,-0.15,-0.15,0.1,1.0,0.15,0.1,0.1,0.15,0.15,0.15,-0.15,0.15,0.15,0.1,0.1,0.1,-0.15,-0.15,-0.15,0.1,-0.15,-0.15,0.1,-0.15,0.1,-0.15,-0.15,-0.15,0.15,-0.15,0.1,-0.15,-0.15,0.1,-0.15,0.1,-0.15,0.1,0.1,0.1,-0.15,-0.15,0.1,0.1,-0.15,-0.15,-0.1,-0.15,-0.15,0.1,0.1,-0.15,0.1,0.1,-0.15,0.1,-0.15,0.1,0.1,0.1,-0.15,-0.15,-0.15,0.15,0.1,-0.15,0.1,0.1,-0.15,-0.15,-0.15,-0.15,-0.15,-0.15,-0.15,-0.15
BHP,0.1,0.15,0.1,0.1,0.1,0.15,0.1,0.85,0.15,1.0,0.45,0.1,0.1,0.15,0.1,0.3,0.1,0.1,-0.15,0.1,0.1,0.1,0.3,0.1,0.1,0.1,0.1,0.1,-0.15,0.1,0.1,0.1,0.1,0.1,0.1,0.1,0.1,0.1,0.1,0.1,0.1,0.1,0.1,0.1,0.1,0.1,0.1,0.1,0.1,0.1,0.1,0.1,0.1,-0.15,0.1,0.1,0.1,0.1,0.1,-0.15,0.1,0.15,0.15,0.1,0.1,0.15,0.1,0.1,0.15,0.45,0.1,0.1,0.15,0.1,0.1,0.1,0.1,0.1,-0.15,0.1,0.45
BP,-0.15,0.15,0.1,-0.15,-0.15,0.1,0.15,0.45,0.1,0.45,1.0,0.1,0.15,0.15,0.15,0.15,-0.15,0.1,-0.15,-0.15,0.1,-0.15,0.78,0.1,0.1,-0.15,0.15,0.1,-0.15,0.15,0.1,-0.15,-0.15,0.15,0.1,0.15,0.1,-0.15,0.1,0.1,0.1,-0.3,-0.15,0.1,0.1,0.1,-0.15,0.1,0.1,0.15,0.15,0.1,-0.15,0.15,-0.3,0.1,0.1,0.1,0.1,0.1,0.15,0.6,0.65,0.1,0.15,0.15,0.1,0.1,0.1,0.85,-0.15,0.15,0.15,0.1,0.1,0.1,0.1,0.1,-0.15,0.1,0.65
BRK-A,0.3,0.1,0.1,0.1,0.15,0.15,0.65,0.1,0.1,0.1,0.1,1.0,0.15,0.1,0.15,0.15,0.1,-0.15,0.1,0.1,0.15,0.1,0.1,0.1,0.1,0.15,0.15,0.1,0.1,0.15,0.1,0.15,0.15,0.1,0.1,0.1,0.15,-0.15,0.1,0.3,0.4,0.15,0.3,0.15,0.1,0.15,0.1,0.1,0.15,0.1,0.1,0.1,0.1,0.1,0.1,0.1,0.1,0.15,0.15,0.1,0.1,0.1,0.1,0.1,0.1,0.1,0.1,0.15,0.15,0.1,0.15,0.1,0.15,0.15,0.15,0.1,0.15,0.1,0.45,0.15,0.1
BSAC,0.1,0.1,0.1,0.1,-0.15,0.15,0.15,0.1,0.15,0.1,0.15,0.15,1.0,0.15,0.1,0.1,0.1,0.1,-0.15,0.1,0.1,-0.1,0.15,0.1,0.1,-0.15,0.1,0.1,-0.15,0.1,0.1,-0.15,0.1,0.1,-0.15,0.18,0.1,-0.15,0.1,0.15,0.1,-0.15,0.15,0.1,0.1,-0.15,-0.15,0.1,-0.15,0.1,0.1,0.1,-0.15,0.1,0.1,0.1,0.1,0.1,0.1,-0.15,0.1,0.1,0.15,0.1,0.1,0.1,0.1,0.1,0.1,0.1,-0.15,0.1,0.1,0.1,0.1,-0.15,0.1,0.1,0.15,0.1,-0.15
BUD,0.1,0.1,0.1,-0.15,0.1,0.1,0.1,0.15,0.15,0.15,0.15,0.1,0.15,1.0,0.1,0.1,0.1,0.1,-0.15,0.1,0.15,-0.15,0.1,0.1,-0.15,0.15,0.1,0.1,0.1,0.1,0.1,-0.15,0.1,-0.15,0.1,0.1,0.1,-0.15,0.1,0.1,0.15,-0.15,0.1,0.15,0.1,0.1,0.15,0.15,0.1,0.1,0.15,0.15,-0.15,0.1,0.1,0.15,0.1,0.15,0.15,0.3,0.1,0.15,0.1,0.1,0.1,0.1,0.1,-0.15,0.15,0.15,-0.15,0.3,0.15,0.1,0.15,0.1,0.1,0.1,0.1,0.15,-0.15
C,0.15,0.1,0.1,-0.15,0.15,0.15,0.15,-0.15,0.15,0.1,0.15,0.15,0.1,0.1,1.0,0.15,0.1,0.15,0.15,0.15,0.1,0.15,0.15,0.15,0.15,0.1,0.1,0.15,0.15,0.15,0.1,0.15,0.15,0.15,0.1,0.15,0.1,-0.15,0.1,0.65,0.15,0.1,0.15,0.1,0.15,0.1,-0.15,0.15,0.15,0.1,0.1,0.1,0.15,0.1,0.1,0.15,0.15,0.15,-0.15,0.15,0.1,0.15,0.1,0.1,0.15,0.1,0.1,0.1,0.15,0.15,0.15,0.1,0.15,0.15,0.15,0.1,0.1,0.1,0.65,0.1,0.15
CAT,0.15,0.15,0.15,-0.1,0.15,0.3,0.1,0.1,-0.15,0.3,0.15,0.15,0.1,0.1,0.15,1.0,-0.15,-0.15,-0.15,0.1,0.1,0.1,0.15,0.1,0.1,0.1,0.1,0.1,0.1,0.15,0.3,0.1,0.3,0.3,0.1,0.1,0.15,0.1,0.1,0.15,0.1,0.15,0.1,0.1,0.1,0.45,-0.15,0.1,0.1,0.1,0.1,0.1,0.1,0.1,0.1,0.1,0.1,0.15,0.1,-0.15,0.1,0.1,0.15,-0.15,0.15,0.15,0.15,0.1,0.3,0.15,0.1,0.1,0.15,0.1,0.15,0.3,0.15,0.1,0.1,0.15,0.15
CELG,0.15,0.1,-0.15,0.45,0.1,-0.15,0.1,-0.15,0.15,0.1,-0.15,0.1,0.1,0.1,0.1,-0.15,1.0,0.15,-0.15,0.1,0.1,0.1,-0.15,0.1,0.15,-0.15,-0.15,-0.1,0.1,0.1,-0.15,0.1,0.1,0.1,-0.15,-0.15,-0.15,0.1,0.15,0.1,0.1,-0.15,0.1,-0.15,0.15,0.1,-0.15,0.15,0.1,0.1,-0.15,0.15,0.15,-0.15,0.1,0.1,0.15,0.1,0.15,-0.15,-0.15,-0.15,-0.15,0.15,0.1,-0.15,0.1,-0.15,-0.15,-0.15,0.1,0.1,0.15,0.3,-0.15,0.1,0.1,-0.15,-0.15,-0.15,-0.15
CHL,0.1,0.1,0.1,-0.15,0.15,-0.15,-0.15,0.1,0.15,0.1,0.1,-0.15,0.1,0.1,0.15,-0.15,0.15,1.0,0.15,0.1,-0.15,0.1,0.15,-0.15,0.1,0.1,0.1,0.1,0.1,-0.15,0.1,0.1,-0.15,0.1,-0.1,0.1,-0.15,0.1,0.1,-0.15,0.1,-0.15,0.1,0.1,0.15,-0.15,-0.15,0.1,0.1,0.1,0.1,-0.15,-0.15,0.1,0.1,0.1,0.1,0.1,0.1,-0.15,0.1,-0.15,0.1,0.1,-0.15,-0.15,0.1,0.15,0.1,0.1,0.15,0.1,0.1,0.1,0.1,-0.15,-0.15,0.1,-0.15,0.1,0.1
CHTR,0.15,-0.15,0.1,-0.15,0.15,-0.15,0.1,-0.15,0.1,-0.15,-0.15,0.1,-0.15,-0.15,0.15,-0.15,-0.15,0.15,1.0,0.65,0.1,0.15,-0.15,0.15,0.1,0.15,0.1,0.1,0.1,-0.15,0.1,0.15,0.1,0.1,0.15,-0.15,-0.15,0.1,-0.15,0.1,0.1,-0.15,0.1,0.1,0.1,0.1,-0.15,-0.15,0.15,0.1,0.1,-0.15,0.1,0.1,0.1,0.1,-0.15,0.1,0.1,-0.15,0.1,-0.15,0.1,-0.15,0.1,-0.15,0.15,0.1,0.1,0.1,0.15,0.1,0.15,0.1,0.1,0.1,0.1,0.1,0.1,0.1,-0.15
CMCSA,0.15,0.1,0.15,0.1,0.3,-0.15,0.15,-0.15,0.1,0.1,-0.15,0.1,0.1,0.1,0.15,0.1,0.1,0.1,0.65,1.0,0.15,0.3,0.1,0.15,0.15,0.45,0.1,0.1,0.3,0.1,0.15,0.3,0.15,0.1,0.1,0.1,0.1,0.15,0.15,0.15,0.15,0.1,0.1,0.15,0.1,0.1,-0.15,0.1,0.3,0.15,0.1,0.1,0.15,0.1,0.15,0.15,0.15,0.1,0.15,-0.15,0.1,0.15,0.1,0.1,0.1,0.15,0.15,0.15,0.15,0.1,0.15,0.15,0.15,0.15,0.15,0.15,0.1,0.15,0.1,0.15,0.1
CODI,0.1,0.1,0.1,0.1,0.15,-0.15,0.1,0.1,0.1,0.1,0.1,0.15,0.1,0.15,0.1,0.1,0.1,-0.15,0.1,0.15,1.0,-0.15,-0.1,-0.15,0.1,0.1,0.1,0.1,-0.1,0.1,-0.15,-0.15,0.1,-0.15,0.15,-0.15,0.15,-0.15,0.1,-0.15,0.1,-0.15,0.1,0.1,0.1,-0.15,0.1,0.1,-0.15,0.1,0.1,0.1,-0.15,-0.15,-0.15,0.1,0.1,0.1,0.1,0.1,0.1,0.1,-0.15,-0.15,-0.15,0.1,0.1,-0.15,0.1,0.1,-0.15,0.1,0.1,-0.15,0.1,-0.1,-0.15,-0.15,-0.15,0.1,-0.15
CSCO,0.3,0.1,0.15,0.1,0.15,-0.15,0.1,-0.15,-0.15,0.1,-0.15,0.1,-0.1,-0.15,0.15,0.1,0.1,0.1,0.15,0.3,-0.15,1.0,0.1,0.1,0.15,0.1,0.1,0.1,0.15,0.15,0.15,0.3,0.15,0.15,0.1,0.1,0.1,0.45,0.15,0.1,0.1,0.15,0.15,0.1,0.15,0.15,-0.1,0.15,0.55,0.15,0.1,0.15,0.3,0.1,0.15,0.1,0.15,0.15,0.1,0.1,0.1,0.1,0.15,0.1,0.15,0.1,0.15,0.15,0.15,0.1,0.3,0.1,0.1,0.1,0.15,0.15,0.15,0.15,0.1,0.15,0.15
CVX,0.1,0.1,0.1,0.1,-0.15,0.1,0.15,0.15,-0.15,0.3,0.78,0.1,0.15,0.1,0.15,0.15,-0.15,0.15,-0.15,0.1,-0.1,0.1,1.0,0.1,-0.15,-0.3,0.1,0.15,-0.15,0.15,0.1,0.1,0.1,0.15,0.1,0.1,0.15,-0.15,0.1,0.1,-0.15,0.1,-0.15,0.1,-0.15,0.1,-0.15,0.1,0.1,0.1,0.1,-0.15,-0.15,0.15,-0.3,-0.15,0.1,0.1,-0.15,-0.15,0.15,0.45,0.65,0.1,0.3,0.15,0.15,0.1,0.15,0.85,0.1,0.1,0.15,0.1,0.1,0.15,0.1,0.1,0.1,0.1,0.85
D,0.1,0.1,0.15,0.1,-0.15,0.15,0.1,-0.15,-0.15,0.1,0.1,0.1,0.1,0.1,0.15,0.1,0.1,-0.15,0.15,0.15,-0.15,0.1,0.1,1.0,0.15,0.15,0.45,0.15,0.15,0.15,0.1,0.15,0.3,0.1,0.1,-0.15,0.15,0.1,0.15,0.15,0.15,0.1,0.15,0.15,0.15,0.15,0.1,0.15,0.15,0.15,0.15,0.15,0.1,0.15,0.15,0.15,0.15,0.15,0.1,0.1,0.15,0.15,0.15,0.15,0.15,0.1,0.15,0.1,0.1,0.15,0.1,0.15,0.15,0.1,0.15,0.1,0.15,0.1,0.1,0.1,-0.3
DHR,0.15,0.15,0.1,0.15,0.15,0.1,0.1,0.1,0.1,0.1,0.1,0.1,0.1,-0.15,0.15,0.1,0.15,0.1,0.1,0.15,0.1,0.15,-0.15,0.15,1.0,0.1,0.15,0.15,0.1,0.15,0.15,0.15,0.15,0.6,0.1,0.1,0.1,0.15,0.45,0.15,0.1,0.15,0.15,0.15,0.45,0.3,-0.15,0.3,0.3,0.15,0.1,0.15,0.15,0.1,0.15,0.15,0.3,0.15,0.15,0.1,0.1,0.1,0.15,0.15,0.15,0.1,0.15,0.1,0.15,0.1,0.15,0.15,0.15,0.3,0.15,0.3,0.15,0.1,0.1,0.15,0.1
DIS,0.3,-0.15,0.1,0.1,0.3,0.15,0.1,-0.15,-0.15,0.1,-0.15,0.15,-0.15,0.15,0.1,0.1,-0.15,0.1,0.15,0.45,0.1,0.1,-0.3,0.15,0.1,1.0,-0.15,-0.15,0.15,0.15,0.15,0.15,0.1,0.1,0.1,-0.15,-0.15,-0.15,0.1,0.1,0.1,-0.15,0.1,0.15,0.1,-0.15,-0.15,-0.3,0.15,0.1,0.1,-0.15,0.1,0.1,0.15,0.15,-0.3,0.1,-0.15,-0.15,-0.15,-0.15,-0.15,-0.15,0.1,-0.15,0.1,0.15,0.15,-0.15,0.1,0.15,0.15,0.1,0.1,0.1,0.1,-0.15,-0.15,0.1,-0.3
DUK,0.1,0.1,0.65,0.1,-0.15,-0.15,0.1,0.1,-0.15,0.1,0.15,0.15,0.1,0.1,0.1,0.1,-0.15,0.1,0.1,0.1,0.1,0.1,0.1,0.45,0.15,-0.15,1.0,0.55,-0.3,0.1,0.1,-0.15,0.1,0.15,0.1,-0.15,0.1,-0.15,0.1,0.1,0.1,-0.15,0.1,0.1,0.1,0.1,-0.15,0.1,-0.15,0.45,0.15,0.1,-0.15,0.15,-0.3,0.1,0.1,0.1,-0.15,-0.15,0.65,0.1,0.1,0.1,0.15,0.1,0.15,0.1,0.1,0.15,-0.15,0.15,0.15,0.1,0.1,0.1,0.1,0.1,-0.15,0.1,0.1
EXC,0.1,0.15,0.45,0.1,0.1,-0.15,0.1,0.1,0.1,0.1,0.1,0.1,0.1,0.1,0.15,0.1,-0.1,0.1,0.1,0.1,0.1,0.1,0.15,0.15,0.15,-0.15,0.55,1.0,-0.15,0.15,0.1,-0.15,0.1,0.15,0.1,0.1,-0.15,0.15,0.1,0.1,0.1,-0.15,-0.15,0.1,0.1,0.1,0.1,0.1,0.1,0.65,0.1,0.1,-0.15,0.15,-0.15,0.1,0.1,0.1,0.15,-0.15,0.45,0.1,0.1,0.1,0.15,0.1,0.15,0.15,0.1,0.1,0.1,0.1,0.15,0.1,0.1,0.1,0.15,0.15,-0.15,0.1,-0.15
FB,0.4,-0.15,-0.15,0.1,0.3,-0.15,0.1,-0.15,-0.15,-0.15,-0.15,0.1,-0.15,0.1,0.15,0.1,0.1,0.1,0.1,0.3,-0.1,0.15,-0.15,0.15,0.1,0.15,-0.3,-0.15,1.0,0.1,0.1,0.65,0.15,0.1,0.1,0.1,0.15,0.15,0.1,0.15,0.15,-0.15,0.15,0.15,0.15,0.1,-0.3,0.1,0.45,0.1,-0.15,0.1,0.15,0.1,0.15,0.1,0.1,0.15,0.15,-0.15,-0.15,0.1,0.1,0.1,0.1,-0.15,0.1,0.1,0.15,0.1,0.15,0.1,0.15,0.15,0.15,0.1,0.1,0.1,0.1,0.15,-0.3
GD,0.1,0.1,0.15,0.1,0.15,0.15,0.1,0.1,0.1,0.1,0.15,0.15,0.1,0.1,0.15,0.15,0.1,-0.15,-0.15,0.1,0.1,0.15,0.15,0.15,0.15,0.15,0.1,0.15,0.1,1.0,0.4,0.15,0.15,0.3,0.1,0.1,0.1,0.1,0.15,0.15,0.1,0.65,0.1,0.1,0.15,0.3,-0.15,0.15,0.15,0.1,0.1,0.1,0.1,-0.15,-0.15,0.1,0.1,0.15,0.1,0.1,0.1,0.15,0.15,0.1,0.15,0.1,0.1,0.15,0.15,0.15,-0.15,0.1,0.15,0.15,0.15,0.3,0.15,0.1,0.1,0.1,0.15
GE,0.15,0.3,0.1,0.1,0.15,0.15,0.1,-0.15,-0.15,0.1,0.1,0.1,0.1,0.1,0.1,0.3,-0.15,0.1,0.1,0.15,-0.15,0.15,0.1,0.1,0.15,0.15,0.1,0.1,0.1,0.4,1.0,-0.15,0.1,0.15,0.1,-0.15,-0.15,0.1,0.1,0.1,0.1,0.1,-0.15,0.1,0.1,0.15,-0.15,-0.15,0.1,0.15,0.1,-0.15,-0.1,0.15,-0.3,0.1,0.1,0.1,-0.15,-0.15,0.1,-0.3,0.1,-0.15,0.15,0.1,-0.15,0.1,0.15,0.1,0.1,0.1,0.1,-0.15,0.1,0.15,-0.15,0.1,-0.15,0.1,-0.15
GOOG,0.65,-0.15,0.1,0.1,0.4,0.1,0.1,0.1,-0.15,0.1,-0.15,0.15,-0.15,-0.15,0.15,0.1,0.1,0.1,0.15,0.3,-0.15,0.3,0.1,0.15,0.15,0.15,-0.15,-0.15,0.65,0.15,-0.15,1.0,0.15,0.15,0.1,-0.15,-0.15,0.15,0.1,0.15,0.1,0.1,0.15,0.1,0.1,0.1,-0.15,0.1,0.45,0.1,0.1,0.1,0.3,0.1,0.3,0.15,0.15,0.1,0.15,-0.15,-0.15,0.1,0.1,0.1,0.1,0.1,0.1,0.1,0.1,0.1,0.3,0.15,0.15,0.15,0.15,0.1,0.15,0.1,0.1,0.15,0.1
HD,0.3,0.1,0.15,-0.15,0.3,0.1,0.15,-0.15,-0.15,0.1,-0.15,0.15,0.1,0.1,0.15,0.3,0.1,-0.15,0.1,0.15,0.1,0.15,0.1,0.3,0.15,0.1,0.1,0.1,0.15,0.15,0.1,0.15,1.0,0.4,0.15,0.1,0.1,0.15,0.3,0.15,0.15,0.15,0.15,0.3,0.15,0.3,0.1,0.15,0.3,0.15,0.15,0.15,0.15,0.1,0.15,0.15,0.15,0.3,0.15,0.1,0.1,0.1,0.15,0.1,0.15,0.1,0.15,0.15,0.3,0.1,0.15,0.4,0.3,0.15,0.4,0.15,0.3,0.15,0.15,0.45,0.15
HON,0.15,0.4,0.15,0.15,0.15,0.15,0.15,0.1,0.15,0.1,0.15,0.1,0.1,-0.15,0.15,0.3,0.1,0.1,0.1,0.1,-0.15,0.15,0.15,0.1,0.6,0.1,0.15,0.15,0.1,0.3,0.15,0.15,0.4,1.0,0.15,0.1,0.15,0.15,0.3,0.15,0.1,0.3,0.15,0.15,0.3,0.65,-0.15,0.15,0.3,0.15,0.1,0.15,0.15,0.15,0.15,0.15,0.15,0.3,0.15,0.15,0.1,0.15,0.15,0.1,0.15,0.15,0.15,0.15,0.15,0.15,0.15,0.15,0.15,0.15,0.3,0.65,0.3,0.15,0.1,0.15,0.15
HRG,0.1,0.1,0.15,0.1,0.1,-0.15,0.1,-0.15,-0.15,0.1,0.1,0.1,-0.15,0.1,0.1,0.1,-0.15,-0.1,0.15,0.1,0.15,0.1,0.1,0.1,0.1,0.1,0.1,0.1,0.1,0.1,0.1,0.1,0.15,0.15,1.0,-0.1,0.15,-0.15,0.1,0.1,0.1,-0.15,-0.15,-0.15,0.1,-0.15,-0.15,0.1,-0.15,0.1,0.1,-0.15,0.1,0.1,-0.15,0.1,0.1,0.1,0.1,0.1,0.1,-0.15,0.1,0.1,0.1,0.1,0.1,0.1,0.1,0.1,-0.15,0.1,0.1,-0.15,0.1,0.1,0.1,-0.15,-0.15,0.1,0.1
HSBC,0.1,-0.15,0.1,-0.15,-0.15,0.1,0.45,0.15,0.1,0.1,0.15,0.1,0.18,0.1,0.15,0.1,-0.15,0.1,-0.15,0.1,-0.15,0.1,0.1,-0.15,0.1,-0.15,-0.15,0.1,0.1,0.1,-0.15,-0.15,0.1,0.1,-0.1,1.0,-0.1,-0.15,0.1,0.55,0.1,-0.15,0.1,0.1,-0.15,0.1,-0.15,0.1,0.1,0.1,0.1,0.1,-0.15,-0.15,-0.15,0.1,0.1,0.1,-0.15,-0.15,0.1,0.15,0.1,0.1,-0.15,-0.15,0.1,0.1,0.1,0.15,-0.15,0.1,0.1,0.1,0.1,0.1,0.1,0.1,0.15,0.1,0.1
IEP,0.1,0.1,0.1,-0.15,-0.15,0.1,0.1,-0.15,-0.15,0.1,0.1,0.15,0.1,0.1,0.1,0.15,-0.15,-0.15,-0.15,0.1,0.15,0.1,0.15,0.15,0.1,-0.15,0.1,-0.15,0.15,0.1,-0.15,-0.15,0.1,0.15,0.15,-0.1,1.0,-0.15,0.1,0.15,0.1,-0.15,-0.15,0.1,-0.15,0.1,0.15,0.1,-0.15,-0.15,-0.15,0.1,-0.1,-0.15,-0.15,0.1,0.1,0.1,0.15,0.1,0.1,0.15,0.1,-0.15,0.1,0.15,-0.15,-0.15,-0.15,0.15,-0.15,0.1,0.1,-0.15,0.1,-0.15,-0.15,-0.15,-0.15,-0.15,0.15
INTC,0.3,0.1,0.1,0.1,0.15,-0.15,0.1,-0.15,-0.15,0.1,-0.15,-0.15,-0.15,-0.15,-0.15,0.1,0.1,0.1,0.1,0.15,-0.15,0.45,-0.15,0.1,0.15,-0.15,-0.15,0.15,0.15,0.1,0.1,0.15,0.15,0.15,-0.15,-0.15,-0.15,1.0,0.1,0.1,0.1,0.15,0.1,0.1,0.1,0.15,-0.15,0.1,0.4,0.1,0.1,0.1,0.3,0.1,0.1,0.1,0.15,0.1,0.1,-0.15,0.1,-0.15,-0.1,0.1,0.1,0.15,0.1,0.1,0.15,0.1,0.45,0.1,0.1,0.1,0.1,0.1,0.1,0.1,-0.15,0.1,-0.15
JNJ,0.15,0.15,0.1,0.15,0.15,0.1,0.1,0.1,0.1,0.1,0.1,0.1,0.1,0.1,0.1,0.1,0.15,0.1,-0.15,0.15,0.1,0.15,0.1,0.15,0.45,0.1,0.1,0.1,0.1,0.15,0.1,0.1,0.3,0.3,0.1,0.1,0.1,0.1,1.0,0.1,0.15,0.1,0.1,0.15,0.45,0.45,0.1,0.45,0.15,0.1,0.1,0.65,0.1,-0.15,-0.15,0.15,0.45,0.45,0.1,0.15,0.1,0.1,0.1,0.3,0.1,0.1,0.1,0.15,0.15,0.15,0.1,0.3,0.3,0.45,0.1,0.15,0.15,0.1,0.1,0.15,0.1
JPM,0.15,-0.15,0.15,0.1,0.1,0.1,0.85,-0.1,-0.15,0.1,0.1,0.3,0.15,0.1,0.65,0.15,0.1,-0.15,0.1,0.15,-0.15,0.1,0.1,0.15,0.15,0.1,0.1,0.1,0.15,0.15,0.1,0.15,0.15,0.15,0.1,0.55,0.15,0.1,0.1,1.0,0.1,0.1,0.45,0.15,0.15,0.15,-0.15,0.15,0.15,0.1,-0.3,0.1,0.1,-0.15,0.1,0.1,0.1,0.15,0.1,-0.15,0.1,0.15,0.15,0.1,0.1,-0.15,0.15,0.15,0.15,0.1,0.1,0.1,0.15,0.15,0.15,0.1,0.15,0.1,0.85,0.15,0.15
KO,0.1,0.1,0.1,0.1,0.15,-0.15,0.1,0.1,0.1,0.1,0.1,0.4,0.1,0.15,0.15,0.1,0.1,0.1,0.1,0.15,0.1,0.1,-0.15,0.15,0.1,0.1,0.1,0.1,0.15,0.1,0.1,0.1,0.15,0.1,0.1,0.1,0.1,0.1,0.15,0.1,1.0,-0.15,0.1,0.65,0.1,0.15,0.15,0.15,0.1,0.1,0.15,0.15,-0.15,0.1,0.1,0.85,0.1,0.45,0.1,0.15,0.1,0.1,-0.15,0.15,0.1,0.1,0.1,0.15,0.1,0.1,-0.1,0.4,0.15,0.1,0.15,0.1,0.1,0.1,0.1,0.15,0.1
LMT,0.1,0.1,0.1,0.1,0.1,0.4,0.1,-0.15,-0.15,0.1,-0.3,0.15,-0.15,-0.15,0.1,0.15,-0.15,-0.15,-0.15,0.1,-0.15,0.15,0.1,0.1,0.15,-0.15,-0.15,-0.15,-0.15,0.65,0.1,0.1,0.15,0.3,-0.15,-0.15,-0.15,0.15,0.1,0.1,-0.15,1.0,-0.15,0.1,0.1,0.15,-0.15,0.1,0.1,0.1,0.1,0.1,0.1,-0.15,-0.15,-0.15,0.1,0.1,-0.15,-0.15,-0.15,-0.15,-0.15,0.1,0.15,0.1,0.1,0.15,0.15,0.15,0.1,-0.15,0.15,0.1,0.1,0.15,0.1,0.15,0.1,0.1,0.1
MA,0.3,0.1,0.1,-0.15,0.3,-0.15,0.4,-0.15,0.1,0.1,-0.15,0.3,0.15,0.1,0.15,0.1,0.1,0.1,0.1,0.1,0.1,0.15,-0.15,0.15,0.15,0.1,0.1,-0.15,0.15,0.1,-0.15,0.15,0.15,0.15,-0.15,0.1,-0.15,0.1,0.1,0.45,0.1,-0.15,1.0,0.3,0.15,0.15,-0.15,0.15,0.3,0.15,0.1,0.15,0.15,-0.15,0.15,0.15,0.15,0.15,0.15,0.1,0.1,-0.35,0.1,0.1,0.15,0.1,0.1,0.15,0.15,-0.15,0.15,0.15,0.15,0.15,0.15,0.15,0.45,-0.15,0.15,0.15,-0.15
MCD,0.15,0.1,0.1,0.1,0.15,0.1,0.1,0.1,0.1,0.1,0.1,0.15,0.1,0.15,0.1,0.1,-0.15,0.1,0.1,0.15,0.1,0.1,0.1,0.15,0.15,0.15,0.1,0.1,0.15,0.1,0.1,0.1,0.3,0.15,-0.15,0.1,0.1,0.1,0.15,0.15,0.65,0.1,0.3,1.0,0.1,0.15,0.1,0.15,0.15,0.1,0.1,0.1,0.1,0.1,0.15,0.65,0.1,0.3,0.1,0.15,0.1,0.1,0.1,0.1,0.1,0.1,0.1,0.1,0.15,0.1,0.1,0.3,0.15,0.15,0.15,0.1,0.15,0.1,0.1,0.3,0.1
MDT,0.15,0.15,0.1,0.3,0.15,0.1,0.1,0.1,0.1,0.1,0.1,0.1,0.1,0.1,0.15,0.1,0.15,0.15,0.1,0.1,0.1,0.15,-0.15,0.15,0.45,0.1,0.1,0.1,0.15,0.15,0.1,0.1,0.15,0.3,0.1,-0.15,-0.15,0.1,0.45,0.15,0.1,0.1,0.15,0.1,1.0,0.3,0.1,0.3,0.15,0.1,0.1,0.3,0.1,0.1,0.1,0.1,0.3,0.15,0.15,0.1,0.1,0.1,0.1,0.15,0.15,0.1,0.1,0.1,0.15,0.1,0.1,0.15,0.15,0.3,0.15,0.3,0.15,0.1,0.1,0.1,0.1
MMM,0.15,0.15,0.15,0.15,0.1,0.15,0.1,0.1,-0.15,0.1,0.1,0.15,-0.15,0.1,0.1,0.45,0.1,-0.15,0.1,0.1,-0.15,0.15,0.1,0.15,0.3,-0.15,0.1,0.1,0.1,0.3,0.15,0.1,0.3,0.65,-0.15,0.1,0.1,0.15,0.45,0.15,0.15,0.15,0.15,0.15,0.3,1.0,0.15,0.15,0.15,0.1,0.1,0.15,-0.15,-0.15,-0.15,0.15,0.1,0.4,-0.15,-0.1,-0.15,-0.15,-0.15,0.1,0.1,-0.15,0.1,-0.15,0.15,0.1,-0.15,0.15,0.15,0.1,0.15,0.15,0.15,-0.15,0.1,0.15,0.1
MO,-0.15,-0.15,0.1,0.1,-0.15,-0.15,-0.15,-0.15,-0.15,0.1,-0.15,0.1,-0.15,0.15,-0.15,-0.15,-0.15,-0.15,-0.15,-0.15,0.1,-0.1,-0.15,0.1,-0.15,-0.15,-0.15,0.1,-0.3,-0.15,-0.15,-0.15,0.1,-0.15,-0.15,-0.15,0.15,-0.15,0.1,-0.15,0.15,-0.15,-0.15,0.1,0.1,0.15,1.0,0.1,0.1,-0.15,0.1,-0.15,-0.15,-0.15,-0.3,0.1,0.1,-0.15,0.1,0.85,0.1,0.1,-0.15,0.1,0.15,-0.15,0.1,0.1,-0.3,0.15,-0.15,0.15,0.15,-0.15,0.1,-0.15,-0.15,0.1,-0.15,0.1,0.1
MRK,0.15,0.15,0.15,0.3,0.1,0.1,0.15,0.1,0.1,0.1,0.1,0.1,0.1,0.15,0.15,0.1,0.15,0.1,-0.15,0.1,0.1,0.15,0.1,0.15,0.3,-0.3,0.1,0.1,0.1,0.15,-0.15,0.1,0.15,0.15,0.1,0.1,0.1,0.1,0.45,0.15,0.15,0.1,0.15,0.15,0.3,0.15,0.1,1.0,0.15,0.1,0.1,0.65,0.1,-0.15,-0.15,0.1,0.45,0.15,0.15,0.15,0.1,0.1,0.1,0.45,0.1,0.1,0.1,0.15,0.1,0.1,0.1,0.18,0.3,0.3,0.1,0.1,0.1,0.1,0.1,0.1,0.1
MSFT,0.85,0.15,0.15,0.15,0.3,0.1,0.15,-0.15,0.1,0.1,0.1,0.15,-0.15,0.1,0.15,0.1,0.1,0.1,0.15,0.3,-0.15,0.55,0.1,0.15,0.3,0.15,-0.15,0.1,0.45,0.15,0.1,0.45,0.3,0.3,-0.15,0.1,-0.15,0.4,0.15,0.15,0.1,0.1,0.3,0.15,0.15,0.15,0.1,0.15,1.0,0.15,0.1,0.15,0.6,0.1,0.15,0.15,0.15,0.3,0.15,-0.15,0.1,0.15,0.15,0.15,0.15,0.15,0.1,0.15,0.15,0.15,0.45,0.15,0.15,0.15,0.15,0.3,0.15,0.15,0.15,0.15,0.1
NEE,0.15,0.15,0.45,0.1,0.15,-0.15,0.1,0.1,-0.15,0.1,0.15,0.1,0.1,0.1,0.1,0.1,0.1,0.1,0.1,0.15,0.1,0.15,0.1,0.15,0.15,0.1,0.45,0.65,0.1,0.1,0.15,0.1,0.15,0.15,0.1,0.1,-0.15,0.1,0.1,0.1,0.1,0.1,0.15,0.1,0.1,0.1,-0.15,0.1,0.15,1.0,0.15,0.15,0.1,0.15,-0.15,0.1,0.1,0.1,0.1,-0.15,0.4,0.15,0.1,0.1,0.45,0.1,0.45,0.15,0.1,0.15,0.1,0.15,0.15,0.1,0.1,0.15,0.15,0.1,0.1,0.1,-0.15
NGG,-0.15,0.1,0.15,0.1,-0.15,0.1,-0.15,0.1,-0.15,0.1,0.15,0.1,0.1,0.15,0.1,0.1,-0.15,0.1,0.1,0.1,0.1,0.1,0.1,0.15,0.1,0.1,0.15,0.1,-0.15,0.1,0.1,0.1,0.15,0.1,0.1,0.1,-0.15,0.1,0.1,-0.3,0.15,0.1,0.1,0.1,0.1,0.1,0.1,0.1,0.1,0.15,1.0,0.1,-0.15,0.15,-0.15,0.1,-0.15,0.1,0.1,0.1,0.45,0.15,0.1,0.1,0.1,0.1,0.15,0.1,-0.15,0.15,-0.15,0.1,0.1,-0.15,0.1,-0.15,0.1,0.1,-0.15,0.1,0.1
NVS,0.15,0.15,0.1,0.15,0.1,-0.15,-0.15,0.1,-0.1,0.1,0.1,0.1,0.1,0.15,0.1,0.1,0.15,-0.15,-0.15,0.1,0.1,0.15,-0.15,0.15,0.15,-0.15,0.1,0.1,0.1,0.1,-0.15,0.1,0.15,0.15,-0.15,0.1,0.1,0.1,0.65,0.1,0.15,0.1,0.15,0.1,0.3,0.15,-0.15,0.65,0.15,0.15,0.1,1.0,0.1,0.1,-0.15,0.1,0.3,0.15,0.15,0.1,0.1,0.1,0.1,0.45,0.1,0.1,0.1,0.1,0.1,0.1,0.1,0.15,0.15,0.15,0.1,0.1,0.1,0.1,-0.15,0.1,0.1
ORCL,0.3,0.1,0.1,0.1,0.3,-0.3,0.15,-0.15,-0.15,0.1,-0.15,0.1,-0.15,-0.15,0.15,0.1,0.15,-0.15,0.1,0.15,-0.15,0.3,-0.15,0.1,0.15,0.1,-0.15,-0.15,0.15,0.1,-0.1,0.3,0.15,0.15,0.1,-0.15,-0.1,0.3,0.1,0.1,-0.15,0.1,0.15,0.1,0.1,-0.15,-0.15,0.1,0.6,0.1,-0.15,0.1,1.0,0.1,0.15,0.1,0.15,0.1,0.15,-0.15,0.1,-0.15,0.1,0.1,0.15,0.1,0.1,0.1,0.1,0.1,0.3,0.1,0.1,0.1,0.15,0.1,0.1,0.15,0.1,0.15,0.1
PCG,0.1,0.1,0.4,-0.15,0.1,-0.15,0.1,-0.15,-0.15,-0.15,0.15,0.1,0.1,0.1,0.1,0.1,-0.15,0.1,0.1,0.1,-0.15,0.1,0.15,0.15,0.1,0.1,0.15,0.15,0.1,-0.15,0.15,0.1,0.1,0.15,0.1,-0.15,-0.15,0.1,-0.15,-0.15,0.1,-0.15,-0.15,0.1,0.1,-0.15,-0.15,-0.15,0.1,0.15,0.15,0.1,0.1,1.0,-0.15,0.1,0.1,0.1,0.1,-0.15,0.15,-0.15,0.1,-0.15,0.15,-0.15,0.15,0.1,0.1,0.1,-0.15,0.1,0.1,-0.15,-0.15,0.1,0.1,0.1,-0.15,-0.15,0.1
PCLN,0.15,0.1,-0.15,-0.15,0.4,0.15,0.1,0.15,0.1,0.1,-0.3,0.1,0.1,0.1,0.1,0.1,0.1,0.1,0.1,0.15,-0.15,0.15,-0.3,0.15,0.15,0.15,-0.3,-0.15,0.15,-0.15,-0.3,0.3,0.15,0.15,-0.15,-0.15,-0.15,0.1,-0.15,0.1,0.1,-0.15,0.15,0.15,0.1,-0.15,-0.3,-0.15,0.15,-0.15,-0.15,-0.15,0.15,-0.15,1.0,0.1,-0.15,0.1,0.15,-0.15,-0.15,-0.3,0.1,0.1,0.1,-0.15,0.1,0.1,0.1,0.1,0.1,0.1,0.15,0.15,0.15,0.1,0.15,-0.15,0.1,0.1,-0.3
PEP,0.15,0.1,0.1,0.1,0.15,-0.15,0.15,0.1,0.1,0.1,0.1,0.1,0.1,0.15,0.15,0.1,0.1,0.1,0.1,0.15,0.1,0.1,-0.15,0.15,0.15,0.15,0.1,0.1,0.1,0.1,0.1,0.15,0.15,0.15,0.1,0.1,0.1,0.1,0.15,0.1,0.85,-0.15,0.15,0.65,0.1,0.15,0.1,0.1,0.15,0.1,0.1,0.1,0.1,0.1,0.1,1.0,0.15,0.65,0.15,0.15,0.1,0.15,0.1,0.1,0.15,0.1,0.1,0.15,0.15,0.1,0.1,0.45,0.3,0.15,0.15,0.1,0.15,0.1,0.1,0.15,0.1
PFE,0.15,0.1,0.1,0.3,0.1,0.1,0.15,0.1,-0.15,0.1,0.1,0.1,0.1,0.1,0.15,0.1,0.15,0.1,-0.15,0.15,0.1,0.15,0.1,0.15,0.3,-0.3,0.1,0.1,0.1,0.1,0.1,0.15,0.15,0.15,0.1,0.1,0.1,0.15,0.45,0.1,0.1,0.1,0.15,0.1,0.3,0.1,0.1,0.45,0.15,0.1,-0.15,0.3,0.15,0.1,-0.15,0.15,1.0,0.15,0.15,0.1,0.1,0.1,0.1,0.45,-0.15,0.1,0.1,0.1,0.1,0.1,0.1,0.15,0.15,0.4,0.15,0.15,0.1,0.1,-0.15,0.1,-0.15
PG,0.15,0.1,0.1,0.15,0.15,-0.15,0.15,0.1,0.1,0.1,0.1,0.15,0.1,0.15,0.15,0.15,0.1,0.1,0.1,0.1,0.1,0.15,0.1,0.15,0.15,0.1,0.1,0.1,0.15,0.15,0.1,0.1,0.3,0.3,0.1,0.1,0.1,0.1,0.45,0.15,0.45,0.1,0.15,0.3,0.15,0.4,-0.15,0.15,0.3,0.1,0.1,0.15,0.1,0.1,0.1,0.65,0.15,1.0,0.15,0.15,0.15,0.1,0.1,0.15,0.1,0.1,0.1,0.1,0.15,0.15,0.1,0.45,0.3,0.15,0.15,0.15,0.15,0.1,0.15,0.45,0.1
PICO,0.15,0.1,0.1,0.1,0.15,-0.15,-0.15,-0.15,0.1,0.1,0.1,0.15,0.1,0.15,-0.15,0.1,0.15,0.1,0.1,0.15,0.1,0.1,-0.15,0.1,0.15,-0.15,-0.15,0.15,0.15,0.1,-0.15,0.15,0.15,0.15,0.1,-0.15,0.15,0.1,0.1,0.1,0.1,-0.15,0.15,0.1,0.15,-0.15,0.1,0.15,0.15,0.1,0.1,0.15,0.15,0.1,0.15,0.15,0.15,0.15,1.0,0.1,0.15,0.1,0.15,0.1,0.1,0.15,0.1,-0.15,0.1,0.1,0.15,0.1,0.1,0.1,0.1,0.1,0.1,0.1,0.15,0.1,0.15
PM,-0.15,-0.15,0.1,0.15,-0.15,-0.3,-0.15,0.1,-0.15,-0.15,0.1,0.1,-0.15,0.3,0.15,-0.15,-0.15,-0.15,-0.15,-0.15,0.1,0.1,-0.15,0.1,0.1,-0.15,-0.15,-0.15,-0.15,0.1,-0.15,-0.15,0.1,0.15,0.1,-0.15,0.1,-0.15,0.15,-0.15,0.15,-0.15,0.1,0.15,0.1,-0.1,0.85,0.15,-0.15,-0.15,0.1,0.1,-0.15,-0.15,-0.15,0.15,0.1,0.15,0.1,1.0,0.1,-0.15,-0.15,-0.15,-0.15,-0.15,0.1,0.1,0.1,0.1,-0.15,-0.15,0.1,-0.15,0.1,-0.15,-0.15,0.1,-0.15,-0.15,-0.15
PPL,0.1,0.1,0.45,0.1,-0.15,-0.15,0.1,0.1,0.1,0.1,0.15,0.1,0.1,0.1,0.1,0.1,-0.15,0.1,0.1,0.1,0.1,0.1,0.15,0.15,0.1,-0.15,0.65,0.45,-0.15,0.1,0.1,-0.15,0.1,0.1,0.1,0.1,0.1,0.1,0.1,0.1,0.1,-0.15,0.1,0.1,0.1,-0.15,0.1,0.1,0.1,0.4,0.45,0.1,0.1,0.15,-0.15,0.1,0.1,0.15,0.15,0.1,1.0,0.1,0.15,0.1,0.1,0.1,0.15,0.1,0.1,0.15,-0.15,0.1,0.1,0.1,0.1,0.1,0.1,0.1,-0.15,0.1,0.1
RDS-B,0.15,0.1,0.1,0.1,0.1,0.1,0.1,0.15,-0.15,0.15,0.6,0.1,0.1,0.15,0.15,0.1,-0.15,-0.15,-0.15,0.15,0.1,0.1,0.45,0.15,0.1,-0.15,0.1,0.1,0.1,0.15,-0.3,0.1,0.1,0.15,-0.15,0.15,0.15,-0.15,0.1,0.15,0.1,-0.15,-0.35,0.1,0.1,-0.15,0.1,0.1,0.15,0.15,0.15,0.1,-0.15,-0.15,-0.3,0.15,0.1,0.1,0.1,-0.15,0.1,1.0,0.65,0.1,0.15,0.15,0.15,0.15,0.15,0.85,0.1,0.1,0.15,-0.3,0.1,0.1,0.1,0.1,-0.15,0.1,0.78
SLB,0.1,0.15,0.1,0.1,0.15,0.15,0.15,0.1,0.1,0.15,0.65,0.1,0.15,0.1,0.1,0.15,-0.15,0.1,0.1,0.1,-0.15,0.15,0.65,0.15,0.15,-0.15,0.1,0.1,0.1,0.15,0.1,0.1,0.15,0.15,0.1,0.1,0.1,-0.1,0.1,0.15,-0.15,-0.15,0.1,0.1,0.1,-0.15,-0.15,0.1,0.15,0.1,0.1,0.1,0.1,0.1,0.1,0.1,0.1,0.1,0.15,-0.15,0.15,0.65,1.0,-0.15,0.15,0.15,0.15,0.1,0.1,0.65,0.1,0.1,0.1,-0.15,0.1,0.1,0.1,0.1,0.1,0.1,0.65
SNY,0.1,0.1,0.1,0.15,0.1,-0.15,0.1,0.1,0.1,0.1,0.1,0.1,0.1,0.1,0.1,-0.15,0.15,0.1,-0.15,0.1,-0.15,0.1,0.1,0.15,0.15,-0.15,0.1,0.1,0.1,0.1,-0.15,0.1,0.1,0.1,0.1,0.1,-0.15,0.1,0.3,0.1,0.15,0.1,0.1,0.1,0.15,0.1,0.1,0.45,0.15,0.1,0.1,0.45,0.1,-0.15,0.1,0.1,0.45,0.15,0.1,-0.15,0.1,0.1,-0.15,1.0,0.1,0.1,0.15,0.1,0.1,0.1,0.1,0.1,0.15,0.15,0.1,0.1,0.1,0.1,-0.15,0.1,0.1
SO,0.1,0.15,0.4,0.1,0.15,0.1,0.1,0.1,0.1,0.1,0.15,0.1,0.1,0.1,0.15,0.15,0.1,-0.15,0.1,0.1,-0.15,0.15,0.3,0.15,0.15,0.1,0.15,0.15,0.1,0.15,0.15,0.1,0.15,0.15,0.1,-0.15,0.1,0.1,0.1,0.1,0.1,0.15,0.15,0.1,0.15,0.1,0.15,0.1,0.15,0.45,0.1,0.1,0.15,0.15,0.1,0.15,-0.15,0.1,0.1,-0.15,0.1,0.15,0.15,0.1,1.0,0.1,0.45,0.15,0.1,0.15,0.15,0.15,0.15,0.15,0.15,0.15,0.15,0.15,-0.15,0.15,0.15
SPLP,0.1,0.1,0.15,-0.15,0.1,0.1,0.1,0.1,-0.15,0.15,0.15,0.1,0.1,0.1,0.1,0.15,-0.15,-0.15,-0.15,0.15,0.1,0.1,0.15,0.1,0.1,-0.15,0.1,0.1,-0.15,0.1,0.1,0.1,0.1,0.15,0.1,-0.15,0.15,0.15,0.1,-0.15,0.1,0.1,0.1,0.1,0.1,-0.15,-0.15,0.1,0.15,0.1,0.1,0.1,0.1,-0.15,-0.15,0.1,0.1,0.1,0.15,-0.15,0.1,0.15,0.15,0.1,0.1,1.0,-0.15,-0.15,0.1,0.1,-0.15,0.1,0.1,-0.15,0.1,-0.15,0.1,-0.15,-0.15,0.1,-0.15
SRE,0.15,0.1,0.15,0.15,0.15,-0.1,0.1,0.1,-0.15,0.1,0.1,0.1,0.1,0.1,0.1,0.15,0.1,0.1,0.15,0.15,0.1,0.15,0.15,0.15,0.15,0.1,0.15,0.15,0.1,0.1,-0.15,0.1,0.15,0.15,0.1,0.1,-0.15,0.1,0.1,0.15,0.1,0.1,0.1,0.1,0.1,0.1,0.1,0.1,0.1,0.45,0.15,0.1,0.1,0.15,0.1,0.1,0.1,0.1,0.1,0.1,0.15,0.15,0.15,0.15,0.45,-0.15,1.0,0.1,0.1,0.15,-0.15,0.15,0.1,0.1,0.1,0.15,0.1,0.1,-0.15,0.1,0.1
T,0.15,-0.15,0.15,0.1,0.15,0.15,0.15,0.1,-0.15,0.1,0.1,0.15,0.1,-0.15,0.1,0.1,-0.15,0.15,0.1,0.15,-0.15,0.15,0.1,0.1,0.1,0.15,0.1,0.15,0.1,0.15,0.1,0.1,0.15,0.15,0.1,0.1,-0.15,0.1,0.15,0.15,0.15,0.15,0.15,0.1,0.1,-0.15,0.1,0.15,0.15,0.15,0.1,0.1,0.1,0.1,0.1,0.15,0.1,0.1,-0.15,0.1,0.1,0.15,0.1,0.1,0.15,-0.15,0.1,1.0,0.15,0.15,0.15,0.15,0.15,0.1,0.15,0.1,0.1,0.65,0.15,0.15,0.1
TM,0.15,0.1,0.1,0.15,0.15,0.15,0.15,0.1,0.15,0.15,0.1,0.15,0.1,0.15,0.15,0.3,-0.15,0.1,0.1,0.15,0.1,0.15,0.15,0.1,0.15,0.15,0.1,0.1,0.15,0.15,0.15,0.1,0.3,0.15,0.1,0.1,-0.15,0.15,0.15,0.15,0.1,0.15,0.15,0.15,0.15,0.15,-0.3,0.1,0.15,0.1,-0.15,0.1,0.1,0.1,0.1,0.15,0.1,0.15,0.1,0.1,0.1,0.15,0.1,0.1,0.1,0.1,0.1,0.15,1.0,0.15,0.3,0.15,0.15,0.15,0.3,0.15,0.15,0.1,0.15,0.15,0.15
TOT,0.1,0.1,0.15,0.1,-0.15,-0.15,0.15,0.15,0.1,0.45,0.85,0.1,0.1,0.15,0.15,0.15,-0.15,0.1,0.1,0.1,0.1,0.1,0.85,0.15,0.1,-0.15,0.15,0.1,0.1,0.15,0.1,0.1,0.1,0.15,0.1,0.15,0.15,0.1,0.15,0.1,0.1,0.15,-0.15,0.1,0.1,0.1,0.15,0.1,0.15,0.15,0.15,0.1,0.1,0.1,0.1,0.1,0.1,0.15,0.1,0.1,0.15,0.85,0.65,0.1,0.15,0.1,0.15,0.15,0.15,1.0,-0.15,0.15,0.15,0.15,0.1,0.15,0.15,0.1,0.1,-0.15,0.68
TSM,0.4,0.1,0.1,0.1,0.3,-0.15,0.1,-0.15,-0.15,0.1,-0.15,0.15,-0.15,-0.15,0.15,0.1,0.1,0.15,0.15,0.15,-0.15,0.3,0.1,0.1,0.15,0.1,-0.15,0.1,0.15,-0.15,0.1,0.3,0.15,0.15,-0.15,-0.15,-0.15,0.45,0.1,0.1,-0.1,0.1,0.15,0.1,0.1,-0.15,-0.15,0.1,0.45,0.1,-0.15,0.1,0.3,-0.15,0.1,0.1,0.1,0.1,0.15,-0.15,-0.15,0.1,0.1,0.1,0.15,-0.15,-0.15,0.15,0.3,-0.15,1.0,0.1,0.15,0.1,0.15,0.15,0.1,0.1,0.1,0.15,0.1
UL,0.1,0.15,0.15,0.1,0.15,0.15,0.1,0.1,0.1,0.1,0.15,0.1,0.1,0.3,0.1,0.1,0.1,0.1,0.1,0.15,0.1,0.1,0.1,0.15,0.15,0.15,0.15,0.1,0.1,0.1,0.1,0.15,0.4,0.15,0.1,0.1,0.1,0.1,0.3,0.1,0.4,-0.15,0.15,0.3,0.15,0.15,0.15,0.18,0.15,0.15,0.1,0.15,0.1,0.1,0.1,0.45,0.15,0.45,0.1,-0.15,0.1,0.1,0.1,0.1,0.15,0.1,0.15,0.15,0.15,0.15,0.1,1.0,0.85,0.15,0.45,0.15,0.15,0.1,-0.15,0.15,0.1
UN,0.1,0.15,0.15,0.15,0.15,0.15,0.1,0.1,0.1,0.15,0.15,0.15,0.1,0.15,0.15,0.15,0.15,0.1,0.15,0.15,0.1,0.1,0.15,0.15,0.15,0.15,0.15,0.15,0.15,0.15,0.1,0.15,0.3,0.15,0.1,0.1,0.1,0.1,0.3,0.15,0.15,0.15,0.15,0.15,0.15,0.15,0.15,0.3,0.15,0.15,0.1,0.15,0.1,0.1,0.15,0.3,0.15,0.3,0.1,0.1,0.1,0.15,0.1,0.15,0.15,0.1,0.1,0.15,0.15,0.15,0.15,0.85,1.0,0.85,0.15,0.45,0.15,-0.1,-0.15,0.15,0.15
UNH,0.15,0.15,0.15,0.3,0.15,0.1,0.1,0.1,-0.15,0.1,0.1,0.15,0.1,0.1,0.15,0.1,0.3,0.1,0.1,0.15,-0.15,0.1,0.1,0.1,0.3,0.1,0.1,0.1,0.15,0.15,-0.15,0.15,0.15,0.15,-0.15,0.1,-0.15,0.1,0.45,0.15,0.1,0.1,0.15,0.15,0.3,0.1,-0.15,0.3,0.15,0.1,-0.15,0.15,0.1,-0.15,0.15,0.15,0.4,0.15,0.1,-0.15,0.1,-0.3,-0.15,0.15,0.15,-0.15,0.1,0.1,0.15,0.15,0.1,0.15,0.85,1.0,0.1,0.1,0.15,-0.15,0.1,0.1,-0.15
UPS,0.15,0.15,0.1,0.1,0.45,0.15,0.15,0.1,-0.15,0.1,0.1,0.15,0.1,0.15,0.15,0.15,-0.15,0.1,0.1,0.15,0.1,0.15,0.1,0.15,0.15,0.1,0.1,0.1,0.15,0.15,0.1,0.15,0.4,0.3,0.1,0.1,0.1,0.1,0.1,0.15,0.15,0.1,0.15,0.15,0.15,0.15,0.1,0.1,0.15,0.1,0.1,0.1,0.15,-0.15,0.15,0.15,0.15,0.15,0.1,0.1,0.1,0.1,0.1,0.1,0.15,0.1,0.1,0.15,0.3,0.1,0.15,0.45,0.15,0.1,1.0,0.3,0.15,0.15,0.15,0.3,0.15
UTX,0.15,0.15,0.15,0.1,0.15,0.3,0.1,-0.15,-0.15,0.1,0.1,0.1,-0.15,0.1,0.1,0.3,0.1,-0.15,0.1,0.15,-0.1,0.15,0.15,0.1,0.3,0.1,0.1,0.1,0.1,0.3,0.15,0.1,0.15,0.65,0.1,0.1,-0.15,0.1,0.15,0.1,0.1,0.15,0.15,0.1,0.3,0.15,-0.15,0.1,0.3,0.15,-0.15,0.1,0.1,0.1,0.1,0.1,0.15,0.15,0.1,-0.15,0.1,0.1,0.1,0.1,0.15,-0.15,0.15,0.1,0.15,0.15,0.15,0.15,0.45,0.1,0.3,1.0,0.1,0.1,0.1,0.1,0.1
V,0.15,0.1,0.15,-0.15,0.15,0.15,0.15,0.1,-0.15,0.1,0.1,0.15,0.1,0.1,0.1,0.15,0.1,-0.15,0.1,0.1,-0.15,0.15,0.1,0.15,0.15,0.1,0.1,0.15,0.1,0.15,-0.15,0.15,0.3,0.3,0.1,0.1,-0.15,0.1,0.15,0.15,0.1,0.1,0.45,0.15,0.15,0.15,-0.15,0.1,0.15,0.15,0.1,0.1,0.1,0.1,0.15,0.15,0.1,0.15,0.1,-0.15,0.1,0.1,0.1,0.1,0.15,0.1,0.1,0.1,0.15,0.15,0.1,0.15,0.15,0.15,0.15,0.1,1.0,0.15,0.15,0.15,-0.15
VZ,0.1,0.1,0.15,0.1,0.1,-0.15,0.1,-0.15,-0.15,0.1,0.1,0.1,0.1,0.1,0.1,0.1,-0.15,0.1,0.1,0.15,-0.15,0.15,0.1,0.1,0.1,-0.15,0.1,0.15,0.1,0.1,0.1,0.1,0.15,0.15,-0.15,0.1,-0.15,0.1,0.1,0.1,0.1,0.15,-0.15,0.1,0.1,-0.15,0.1,0.1,0.15,0.1,0.1,0.1,0.15,0.1,-0.15,0.1,0.1,0.1,0.1,0.1,0.1,0.1,0.1,0.1,0.15,-0.15,0.1,0.65,0.1,0.1,0.1,0.1,-0.1,-0.15,0.15,0.1,0.15,1.0,-0.15,0.1,0.1
WFC,0.15,-0.15,0.1,-0.15,0.1,0.1,0.75,-0.15,-0.15,-0.15,-0.15,0.45,0.15,0.1,0.65,0.1,-0.15,-0.15,0.1,0.1,-0.15,0.1,0.1,0.1,0.1,-0.15,-0.15,-0.15,0.1,0.1,-0.15,0.1,0.15,0.1,-0.15,0.15,-0.15,-0.15,0.1,0.85,0.1,0.1,0.15,0.1,0.1,0.1,-0.15,0.1,0.15,0.1,-0.15,-0.15,0.1,-0.15,0.1,0.1,-0.15,0.15,0.15,-0.15,-0.15,-0.15,0.1,-0.15,-0.15,-0.15,-0.15,0.15,0.15,0.1,0.1,-0.15,-0.15,0.1,0.15,0.1,0.15,-0.15,1.0,0.1,0.1
WMT,0.15,0.1,0.1,0.1,0.45,-0.15,0.15,0.1,-0.15,0.1,0.1,0.15,0.1,0.15,0.1,0.15,-0.15,0.1,0.1,0.15,0.1,0.15,0.1,0.1,0.15,0.1,0.1,0.1,0.15,0.1,0.1,0.15,0.45,0.15,0.1,0.1,-0.15,0.1,0.15,0.15,0.15,0.1,0.15,0.3,0.1,0.15,0.1,0.1,0.15,0.1,0.1,0.1,0.15,-0.15,0.1,0.15,0.1,0.45,0.1,-0.15,0.1,0.1,0.1,0.1,0.15,0.1,0.1,0.15,0.15,-0.15,0.15,0.15,0.15,0.1,0.3,0.1,0.15,0.1,0.1,1.0,0.15
XOM,0.1,0.1,0.1,-0.15,0.1,0.1,0.15,0.15,-0.15,0.45,0.65,0.1,-0.15,-0.15,0.15,0.15,-0.15,0.1,-0.15,0.1,-0.15,0.15,0.85,-0.3,0.1,-0.3,0.1,-0.15,-0.3,0.15,-0.15,0.1,0.15,0.15,0.1,0.1,0.15,-0.15,0.1,0.15,0.1,0.1,-0.15,0.1,0.1,0.1,0.1,0.1,0.1,-0.15,0.1,0.1,0.1,0.1,-0.3,0.1,-0.15,0.1,0.15,-0.15,0.1,0.78,0.65,0.1,0.15,-0.15,0.1,0.1,0.15,0.68,0.1,0.1,0.15,-0.15,0.15,0.1,-0.15,0.1,0.1,0.15,1.0
