,AAPL,ABBV,ABT,ACN,ADBE,ADP,AEP,AMT,AMZN,APD,ASML,AVGO,AWK,BA,BABA,BAC,BBL,BHP,BP,BRK-A,C-PJ,CAT,CCI,CHTR,CMCSA,COP,COST,CSCO,CTA-PB,CVX,D,DE,DEO,DHR,DIS,DLR,DUK,ECL,EL,ENB,EQIX,EQNR,EXC,FB,FCX,GE,GOOG,HD,HON,JD,JNJ,JPM,KO,LLY,LOW,MA,MCD,MMM,MS,MSFT,NEE,NEM,NFLX,NGG,NKE,NVDA,NVO,NVS,O,ORCL,PEP,PFE,PG,PLD,PM,PSA,PTR,PYPL,RDS-B,RIO,RTX,SBAC,SBUX,SCHW,SHW,SNP,SO,SPG-PJ,SRE,T,TGT,TM,TMO,TMUS,TSLA,TSM,TTE,UL,UNH,UPS,Unp,V,VALE,VZ,WELL,WFC-PL,WMT,XEL,XOM,snap
AAPL,1.0,0.15,0.15,0.3,0.45,0.15,0.15,0.15,0.55,0.15,0.3,0.45,0.1,0.15,0.15,0.15,0.1,0.1,0.1,0.4,0.1,0.15,0.1,0.15,0.3,0.1,0.3,0.3,0.1,0.1,0.1,0.1,0.1,0.3,0.3,0.1,0.1,0.15,0.15,0.1,0.3,0.1,0.1,0.45,0.15,0.15,0.65,0.3,0.15,0.15,0.15,0.15,0.15,0.15,0.15,0.3,0.15,0.15,0.15,0.85,0.15,0.1,0.3,-0.15,0.3,0.65,0.1,0.1,-0.15,0.3,0.15,0.15,0.15,0.15,-0.15,0.1,-0.15,0.3,0.15,0.1,0.15,0.15,0.3,0.15,0.15,0.15,0.1,-0.15,0.1,0.15,0.3,0.15,0.15,0.3,0.3,0.3,0.1,0.15,0.15,0.3,0.1,0.15,0.15,0.1,0.1,0.1,0.15,0.1,0.15,0.15
ABBV,0.15,1.0,0.85,0.15,0.1,0.15,0.1,0.1,-0.15,0.15,0.1,0.15,0.1,0.1,-0.15,0.1,0.15,0.1,0.1,0.15,0.1,0.1,0.1,0.1,0.1,0.15,0.1,0.1,-0.15,0.1,0.1,0.1,0.1,0.15,-0.15,0.1,0.15,0.15,0.15,0.1,0.1,0.1,0.1,0.1,-0.15,-0.15,0.1,0.1,0.1,0.1,0.65,0.15,0.1,0.45,0.1,0.1,0.1,0.1,0.1,0.1,0.1,0.1,-0.15,0.1,0.1,0.1,0.3,0.3,0.1,0.1,0.1,0.65,0.15,0.1,0.15,0.1,0.1,-0.15,0.1,-0.15,0.1,-0.15,0.1,0.1,0.1,0.15,0.1,-0.15,0.1,0.15,0.1,0.15,0.3,0.1,0.15,0.1,0.15,0.1,0.4,0.1,0.1,0.1,0.1,0.1,0.1,-0.15,0.15,0.1,0.1,-0.15
ABT,0.15,0.85,1.0,0.15,0.15,0.1,0.1,0.1,0.1,0.15,0.1,0.1,0.1,0.1,-0.15,0.1,0.1,-0.15,-0.15,0.1,-0.15,0.1,0.1,-0.15,0.1,0.1,0.15,0.15,0.1,-0.15,0.1,0.15,0.1,0.45,0.1,0.1,0.1,0.15,0.15,0.1,0.1,0.1,0.1,0.1,-0.15,0.1,0.1,0.1,0.15,0.1,0.45,0.1,0.1,0.45,0.1,0.15,0.15,0.15,0.1,0.15,0.1,0.1,-0.15,0.1,0.1,0.15,0.3,0.3,0.1,0.1,0.1,0.3,0.15,0.1,0.1,0.1,0.1,0.1,-0.15,-0.15,0.15,0.1,0.1,0.1,0.1,0.1,0.1,-0.15,0.15,0.1,0.1,0.1,0.3,0.1,0.1,0.1,0.1,0.15,0.3,0.15,0.1,0.15,-0.15,0.1,0.15,-0.15,0.1,0.1,0.1,-0.15
ACN,0.3,0.15,0.15,1.0,0.3,0.3,0.15,0.3,0.3,0.15,0.15,0.15,0.1,0.15,0.15,0.1,0.15,0.1,0.1,0.15,0.1,0.15,0.15,0.1,0.15,0.1,0.15,0.3,0.1,0.1,0.15,0.15,0.15,0.15,0.15,0.15,0.1,0.15,0.15,0.15,0.15,0.15,0.1,0.15,0.1,0.15,0.15,0.15,0.3,0.15,0.15,0.15,0.1,0.15,0.15,0.3,0.15,0.15,0.15,0.45,0.15,0.1,0.15,0.15,0.15,0.3,0.1,0.15,-0.15,0.3,0.1,0.15,0.15,0.15,0.1,0.1,-0.15,0.15,-0.15,0.1,0.15,0.15,0.15,0.15,0.1,0.15,0.1,-0.15,0.15,0.1,0.1,0.15,0.15,0.15,0.15,0.15,0.15,0.15,0.15,0.15,0.15,0.15,0.1,0.15,0.1,0.1,0.15,0.15,0.1,-0.15
ADBE,0.45,0.1,0.15,0.3,1.0,0.3,0.15,0.3,0.3,0.15,0.3,0.3,0.1,0.1,0.15,-0.15,-0.1,-0.15,-0.15,0.15,0.15,-0.15,0.15,0.15,0.3,-0.15,0.15,0.3,-0.15,-0.15,0.15,0.15,0.1,0.15,0.15,0.15,-0.15,0.15,0.15,0.1,0.3,-0.15,0.1,0.3,-0.15,0.1,0.3,0.15,0.15,0.15,0.1,0.1,0.1,0.15,0.1,0.3,0.1,0.15,0.15,0.65,0.15,-0.15,0.3,-0.15,0.15,0.3,0.15,0.1,-0.15,0.3,0.15,0.1,0.15,0.15,-0.15,0.1,-0.15,0.3,-0.15,-0.15,0.1,0.15,0.15,0.15,0.15,0.15,0.15,-0.15,0.1,0.1,0.1,0.15,0.15,0.15,0.3,0.3,0.1,0.1,0.15,0.15,0.15,0.15,-0.15,-0.15,-0.15,-0.3,0.15,0.1,-0.3,0.15
ADP,0.15,0.15,0.1,0.3,0.3,1.0,0.15,0.15,0.1,0.15,0.1,0.15,0.1,0.1,-0.15,0.1,0.1,0.1,-0.15,0.1,0.1,0.1,0.15,0.1,0.15,0.1,0.15,0.15,0.1,0.1,0.15,0.15,0.15,0.15,0.1,0.1,0.15,0.15,0.15,0.1,0.15,0.1,0.1,0.15,0.1,0.1,0.1,0.15,0.15,0.1,0.15,0.15,0.15,0.15,0.15,0.15,0.15,0.15,0.15,0.15,0.1,-0.15,0.1,0.1,0.15,0.15,0.1,0.15,0.1,0.15,0.1,0.1,0.1,0.1,0.1,0.1,0.1,0.15,0.1,-0.15,0.1,0.1,0.15,0.15,0.1,0.1,0.1,0.1,0.1,0.1,0.15,0.1,0.15,0.15,0.1,0.1,0.1,0.15,0.15,0.15,0.1,0.15,0.1,0.1,0.1,0.15,0.1,0.1,0.1,-0.15
AEP,0.15,0.1,0.1,0.15,0.15,0.15,1.0,0.1,0.1,0.15,0.1,0.1,0.45,0.1,-0.15,0.15,0.1,0.1,0.15,0.15,0.1,0.1,0.15,0.1,0.1,0.1,0.15,0.15,0.1,0.1,0.15,0.15,0.1,0.15,0.1,0.1,0.65,0.15,0.15,0.1,0.15,0.15,0.45,-0.15,0.1,0.1,0.1,0.15,0.15,-0.15,0.15,0.1,0.1,0.15,0.15,0.1,0.1,0.15,0.15,0.15,0.45,0.1,-0.15,0.15,0.1,0.15,0.1,0.1,0.15,0.15,0.1,0.1,0.1,0.1,0.1,0.1,0.1,0.1,0.15,0.1,0.15,0.1,0.1,0.1,0.1,0.15,0.15,0.1,0.15,0.15,0.1,0.15,0.1,0.15,0.1,0.1,0.1,0.15,0.15,0.15,0.15,0.15,0.1,0.1,0.15,-0.15,0.15,0.45,0.15,-0.15
AMT,0.15,0.1,0.1,0.3,0.3,0.15,0.1,1.0,0.1,0.1,0.1,0.15,0.15,0.15,-0.15,0.1,0.1,0.1,-0.15,0.1,0.1,-0.15,0.65,0.15,0.15,-0.15,0.15,0.15,0.15,-0.15,0.1,-0.15,0.1,0.15,0.1,0.3,0.15,0.1,0.1,0.1,0.3,0.1,0.1,0.1,0.15,0.1,0.1,0.15,0.15,0.1,0.1,0.15,0.1,0.1,0.15,0.1,0.1,0.1,0.1,0.15,0.15,-0.15,0.1,0.1,0.15,0.15,0.1,0.1,0.1,0.1,0.1,0.1,0.1,0.15,0.1,0.15,0.1,0.1,-0.15,-0.15,0.1,0.65,0.1,-0.15,0.1,0.1,0.1,0.15,0.15,0.15,0.1,0.15,0.15,0.3,0.1,0.1,0.1,0.1,0.1,0.15,0.15,0.1,0.1,0.15,0.15,-0.15,0.15,0.15,0.1,-0.15
AMZN,0.55,-0.15,0.1,0.3,0.3,0.1,0.1,0.1,1.0,0.15,0.3,0.3,0.1,0.15,0.45,0.1,0.15,0.1,-0.15,0.3,0.1,0.15,0.15,0.15,0.3,0.1,0.45,0.15,-0.15,-0.15,-0.15,0.15,0.15,0.15,0.3,0.3,0.1,0.15,0.15,0.1,0.3,0.1,0.1,0.3,0.1,0.15,0.45,0.3,0.15,0.3,0.15,0.15,0.15,0.15,0.3,0.3,0.15,0.1,0.15,0.45,0.15,-0.15,0.3,-0.15,0.3,0.3,0.1,0.1,-0.3,0.3,0.15,0.1,0.15,0.15,-0.15,0.1,-0.15,0.3,0.1,0.1,0.1,0.15,0.3,0.15,0.15,0.15,0.15,-0.15,0.15,-0.15,0.3,0.15,0.15,0.15,0.3,0.3,0.15,0.15,0.15,0.45,0.15,0.15,0.1,0.1,0.15,-0.15,0.45,0.1,0.1,0.15
APD,0.15,0.15,0.15,0.15,0.15,0.15,0.15,0.1,0.15,1.0,0.15,0.15,0.15,0.15,-0.15,0.1,0.15,0.15,0.15,0.1,0.15,0.15,0.15,0.1,0.1,0.1,0.15,0.1,0.1,0.15,0.15,0.15,0.1,0.15,-0.15,0.1,0.15,0.3,0.15,0.1,0.1,0.1,0.15,0.1,0.15,0.15,0.1,0.15,0.3,0.1,0.15,0.1,0.1,0.15,0.15,0.1,0.15,0.15,0.1,0.15,0.15,0.15,-0.15,0.1,0.1,0.15,0.1,0.15,0.1,0.1,0.1,0.1,0.15,0.15,-0.15,0.1,0.1,0.1,0.1,0.1,0.1,0.1,0.1,-0.15,0.15,0.1,0.15,-0.15,0.15,0.1,0.1,0.15,0.15,0.1,0.1,0.15,0.15,0.15,0.15,0.1,0.15,0.15,0.15,0.1,0.1,-0.1,0.1,0.1,0.15,-0.3
ASML,0.3,0.1,0.1,0.15,0.3,0.1,0.1,0.1,0.3,0.15,1.0,0.65,0.1,0.15,0.15,0.1,0.15,0.15,-0.15,0.15,0.15,0.15,0.1,0.1,0.15,-0.15,0.15,0.3,0.1,-0.15,0.1,0.1,0.1,0.3,0.1,0.15,-0.15,0.15,0.15,0.1,0.15,0.1,0.1,0.15,0.1,0.15,0.3,0.15,0.15,0.15,0.15,0.1,-0.15,0.15,0.15,0.15,0.1,0.15,0.15,0.3,0.15,0.1,0.15,-0.15,0.15,0.65,0.15,0.15,-0.15,0.3,0.1,0.15,0.1,0.15,-0.15,0.1,-0.15,0.1,0.1,0.1,0.15,0.15,0.1,0.15,0.15,0.1,0.1,-0.15,0.1,0.1,0.1,0.15,0.3,0.15,0.3,0.85,0.1,0.1,0.15,0.1,0.15,0.15,0.15,0.1,0.1,-0.15,0.1,0.15,-0.15,0.1
AVGO,0.45,0.15,0.1,0.15,0.3,0.15,0.1,0.15,0.3,0.15,0.65,1.0,0.1,0.15,0.15,0.1,0.15,0.1,-0.15,0.15,0.15,0.15,0.15,0.15,0.3,0.1,0.15,0.45,0.1,0.1,0.15,0.1,0.1,0.3,0.15,0.15,0.1,0.15,0.15,0.1,0.3,0.15,0.1,0.15,0.1,0.1,0.3,0.15,0.15,0.15,0.1,0.15,-0.15,0.15,0.15,0.15,0.1,0.15,0.15,0.3,0.1,0.1,0.15,0.1,0.15,0.65,0.15,0.15,0.1,0.3,0.15,0.15,0.1,0.15,-0.15,0.1,0.1,0.1,0.1,0.1,0.15,0.15,0.15,0.15,0.15,0.15,0.1,-0.15,0.1,0.1,0.1,0.1,0.15,0.15,0.15,0.65,0.1,0.1,0.1,0.15,0.1,0.15,0.15,0.1,-0.15,-0.15,0.1,0.15,0.1,-0.15
AWK,0.1,0.1,0.1,0.1,0.1,0.1,0.45,0.15,0.1,0.15,0.1,0.1,1.0,-0.15,-0.15,0.1,0.1,0.1,0.1,0.1,0.1,0.1,0.1,0.1,0.1,0.1,0.1,0.1,0.1,0.1,0.1,0.1,0.1,0.1,-0.15,0.1,0.15,0.15,0.1,0.15,0.1,0.1,0.15,-0.15,-0.15,0.1,-0.15,0.15,0.1,0.1,0.1,0.1,0.1,0.1,0.15,0.1,0.1,0.1,0.1,0.1,0.15,-0.15,-0.15,0.15,0.1,-0.15,0.1,0.1,0.15,-0.15,0.1,-0.15,0.1,0.1,0.1,0.1,0.1,-0.15,-0.15,-0.15,0.1,0.1,0.1,0.1,0.1,0.1,0.15,-0.15,0.15,0.1,0.1,0.1,0.1,0.1,-0.15,-0.15,0.1,0.1,0.1,0.1,0.15,0.1,-0.15,0.1,0.15,-0.15,0.1,0.15,-0.15,-0.15
BA,0.15,0.1,0.1,0.15,0.1,0.1,0.1,0.15,0.15,0.15,0.15,0.15,-0.15,1.0,-0.15,0.1,0.15,0.15,0.1,0.15,-0.15,0.15,0.1,-0.15,-0.15,-0.15,0.1,-0.15,-0.15,0.1,0.15,0.15,0.1,0.15,0.15,-0.15,-0.15,-0.15,0.15,-0.15,-0.3,0.1,-0.15,-0.15,0.1,0.15,0.1,0.1,0.15,-0.15,-0.15,0.1,-0.15,-0.15,0.1,0.1,0.1,0.15,0.15,0.1,-0.15,-0.15,-0.3,0.1,0.1,0.1,-0.15,-0.15,0.15,-0.15,-0.15,0.1,-0.15,0.1,-0.15,-0.15,-0.15,-0.15,0.1,-0.15,0.3,0.1,-0.15,0.1,0.1,0.1,-0.15,-0.15,0.1,0.1,-0.15,0.15,-0.15,-0.15,0.1,-0.15,0.1,-0.15,-0.15,0.15,0.15,0.15,-0.15,-0.3,-0.15,-0.15,-0.15,0.1,0.15,-0.3
BABA,0.15,-0.15,-0.15,0.15,0.15,-0.15,-0.15,-0.15,0.45,-0.15,0.15,0.15,-0.15,-0.15,1.0,-0.22,0.1,0.1,-0.3,-0.3,-0.15,-0.3,-0.15,-0.3,0.1,-0.3,0.1,-0.15,-0.15,-0.15,-0.3,-0.15,-0.15,0.1,0.1,-0.15,-0.15,-0.15,-0.15,-0.3,0.1,-0.3,-0.15,0.15,-0.15,-0.15,0.15,-0.15,-0.15,0.65,-0.15,-0.3,-0.15,-0.15,-0.15,0.1,-0.15,-0.3,-0.3,0.1,-0.15,-0.3,0.15,-0.15,0.1,0.15,-0.15,-0.15,-0.3,0.1,0.1,-0.3,-0.15,-0.15,-0.3,-0.15,-0.3,0.15,-0.3,-0.15,-0.3,-0.15,0.1,-0.3,-0.15,-0.3,-0.15,-0.3,-0.15,-0.3,-0.15,-0.15,-0.3,0.1,0.15,0.15,-0.15,-0.15,-0.3,-0.15,-0.15,-0.15,-0.15,-0.3,-0.3,-0.3,-0.15,-0.15,-0.3,-0.3
BAC,0.15,0.1,0.1,0.1,-0.15,0.1,0.15,0.1,0.1,0.1,0.1,0.1,0.1,0.1,-0.22,1.0,0.1,0.1,0.15,0.65,-0.15,0.15,0.1,0.1,0.1,0.15,0.15,0.1,0.1,0.15,0.1,0.15,0.1,0.1,0.1,0.1,0.1,0.1,0.1,0.1,0.1,0.1,0.1,0.1,0.1,0.15,0.15,0.15,0.1,-0.15,0.1,0.85,0.1,0.15,0.15,0.4,0.1,0.1,0.45,0.15,0.1,0.1,-0.15,-0.15,0.15,0.15,0.1,0.1,0.1,0.1,0.1,0.15,0.1,0.15,-0.15,0.1,0.1,0.1,0.1,0.1,0.15,0.1,0.15,0.65,0.15,0.1,0.1,-0.15,0.1,0.15,0.1,0.1,0.1,0.1,0.15,0.15,0.1,0.1,0.1,0.15,0.1,0.15,0.15,0.1,0.1,0.45,0.15,0.1,0.15,-0.3
BBL,0.1,0.15,0.1,0.15,-0.1,0.1,0.1,0.1,0.15,0.15,0.15,0.15,0.1,0.15,0.1,0.1,1.0,0.85,0.45,0.1,-0.15,0.1,-0.15,-0.15,0.1,0.15,0.1,-0.15,-0.15,0.15,-0.15,0.1,0.1,0.1,-0.15,-0.15,0.1,0.1,0.1,0.1,-0.15,0.15,-0.15,-0.15,0.15,-0.15,-0.15,0.1,0.1,-0.15,0.1,0.1,0.1,-0.15,0.1,0.1,0.1,0.1,-0.15,-0.15,0.1,0.15,-0.15,0.1,0.1,-0.15,0.1,0.1,-0.15,-0.15,0.1,0.1,0.1,0.1,0.1,0.1,0.1,-0.15,0.15,0.65,-0.15,-0.15,0.1,-0.15,-0.15,0.1,0.1,-0.15,0.1,-0.15,-0.15,0.1,0.1,-0.15,-0.15,-0.15,0.15,0.15,-0.15,0.1,-0.15,0.1,0.15,-0.15,-0.15,-0.15,0.1,0.1,0.15,-0.15
BHP,0.1,0.1,-0.15,0.1,-0.15,0.1,0.1,0.1,0.1,0.15,0.15,0.1,0.1,0.15,0.1,0.1,0.85,1.0,0.45,0.15,0.1,0.15,0.1,-0.15,0.1,0.15,0.1,0.1,0.1,0.3,0.15,0.1,0.1,0.1,0.1,-0.15,0.1,0.1,0.15,0.15,0.1,0.15,0.1,-0.15,0.65,0.1,0.1,0.1,0.1,0.1,0.1,0.1,0.1,0.1,0.1,0.1,0.1,0.1,0.1,0.1,0.1,0.45,-0.15,0.1,0.1,0.1,0.1,0.1,0.1,0.1,0.1,0.1,0.1,0.1,-0.15,0.1,0.15,-0.15,0.4,0.65,0.1,-0.15,0.1,0.1,0.1,0.15,0.1,-0.15,0.1,0.1,0.1,0.15,0.1,0.1,0.1,0.1,0.15,0.15,0.1,0.1,0.1,0.1,0.65,0.1,0.1,-0.15,0.1,-0.15,0.45,-0.15
BP,0.1,0.1,-0.15,0.1,-0.15,-0.15,0.15,-0.15,-0.15,0.15,-0.15,-0.15,0.1,0.1,-0.3,0.15,0.45,0.45,1.0,0.1,0.1,0.15,0.1,-0.15,0.1,0.65,-0.15,-0.15,0.1,0.85,0.1,0.1,0.15,0.1,-0.15,0.1,0.1,0.1,0.1,0.45,-0.15,0.45,0.1,-0.15,0.15,0.15,-0.15,0.1,0.1,-0.15,0.1,0.1,0.1,0.1,0.1,-0.15,0.1,0.1,0.1,-0.15,0.1,0.1,-0.3,0.3,-0.15,-0.3,0.1,0.1,0.15,-0.3,-0.15,0.1,0.1,0.1,0.1,-0.15,0.45,-0.15,0.65,0.15,0.15,-0.15,-0.15,-0.15,-0.15,0.45,0.15,-0.15,0.1,0.15,-0.15,0.15,0.1,-0.15,0.1,-0.15,0.45,0.1,0.1,0.1,-0.15,0.1,0.15,0.1,0.15,-0.15,0.1,0.1,0.75,-0.15
BRK-A,0.4,0.15,0.1,0.15,0.15,0.1,0.15,0.1,0.3,0.1,0.15,0.15,0.1,0.15,-0.3,0.65,0.1,0.15,0.1,1.0,0.1,0.15,0.1,0.1,0.1,0.15,0.15,0.1,0.1,0.1,0.1,0.15,0.1,0.15,0.15,0.15,0.15,0.15,0.1,0.1,0.1,0.1,0.1,0.1,0.15,0.15,0.15,0.3,0.15,0.1,0.15,0.3,0.3,0.1,0.15,0.3,0.15,0.15,0.15,0.15,0.1,0.1,0.1,0.1,0.1,0.15,0.1,0.1,0.15,0.15,0.15,0.1,0.15,0.1,0.1,0.1,0.1,0.1,0.1,0.15,0.1,0.1,0.15,0.3,0.1,0.15,0.1,0.1,0.1,0.15,0.15,0.15,0.15,0.1,0.15,0.15,0.1,0.15,0.15,0.15,0.3,0.15,0.1,0.1,0.1,0.15,0.15,0.1,0.1,-0.15
C-PJ,0.1,0.1,-0.15,0.1,0.15,0.1,0.1,0.1,0.1,0.15,0.15,0.15,0.1,-0.15,-0.15,-0.15,-0.15,0.1,0.1,0.1,1.0,-0.15,-0.15,-0.15,-0.15,-0.15,0.15,-0.15,0.15,0.1,-0.15,-0.15,0.1,-0.15,-0.15,-0.15,0.1,0.1,-0.15,0.1,0.1,0.15,0.1,-0.15,0.1,0.1,-0.15,-0.15,0.1,0.1,0.15,0.1,-0.15,0.1,0.1,0.1,0.1,-0.15,-0.15,0.1,0.1,-0.15,-0.15,-0.15,-0.15,0.1,-0.15,-0.15,-0.15,-0.15,0.15,0.1,0.15,0.1,-0.15,-0.15,-0.15,0.1,-0.15,0.1,-0.15,-0.15,0.1,0.1,-0.15,0.1,-0.15,0.15,-0.15,-0.15,0.1,-0.15,-0.15,-0.15,-0.15,-0.15,0.1,-0.15,0.15,0.15,-0.15,0.1,0.1,-0.1,-0.15,-0.15,0.1,0.1,0.15,-0.15
CAT,0.15,0.1,0.1,0.15,-0.15,0.1,0.1,-0.15,0.15,0.15,0.15,0.15,0.1,0.15,-0.3,0.15,0.1,0.15,0.15,0.15,-0.15,1.0,0.15,-0.15,0.1,0.15,0.15,0.1,0.1,0.15,-0.15,0.4,0.15,0.15,0.1,0.1,0.1,0.1,0.15,0.1,0.1,0.1,0.1,0.1,0.15,0.3,0.15,0.3,0.3,0.1,0.15,0.15,0.1,0.1,0.15,0.1,0.1,0.4,0.15,0.15,0.1,0.1,-0.15,0.1,0.15,0.15,0.1,0.1,0.15,0.1,0.1,0.1,0.15,0.15,-0.15,0.1,0.15,-0.15,0.15,0.15,0.3,0.1,0.1,0.1,0.1,0.15,0.15,-0.15,0.1,0.1,0.1,0.3,0.15,0.1,0.1,0.1,0.1,0.15,0.1,0.15,0.15,0.15,0.15,0.1,0.1,0.1,0.15,0.1,0.15,-0.15
CCI,0.1,0.1,0.1,0.15,0.15,0.15,0.15,0.65,0.15,0.15,0.1,0.15,0.1,0.1,-0.15,0.1,-0.15,0.1,0.1,0.1,-0.15,0.15,1.0,0.15,0.15,0.15,0.15,0.1,0.1,0.1,0.15,0.1,0.1,0.15,0.1,0.45,0.15,0.1,0.15,0.15,0.3,0.15,0.1,0.1,0.1,0.1,0.1,0.15,0.15,0.1,0.15,0.1,0.1,0.1,0.15,0.1,0.1,0.1,0.1,0.1,0.15,0.1,-0.15,0.1,0.1,0.1,-0.15,0.1,0.15,0.1,0.1,-0.15,0.1,0.15,0.1,0.45,0.15,0.1,-0.15,0.1,0.1,0.65,0.1,-0.15,0.15,0.15,0.15,0.15,0.15,0.15,0.1,0.15,0.15,0.15,0.1,0.1,0.1,0.15,0.1,0.15,0.15,0.15,0.1,0.15,0.15,-0.15,0.1,0.15,0.1,-0.15
CHTR,0.15,0.1,-0.15,0.1,0.15,0.1,0.1,0.15,0.15,0.1,0.1,0.15,0.1,-0.15,-0.3,0.1,-0.15,-0.15,-0.15,0.1,-0.15,-0.15,0.15,1.0,0.45,-0.15,0.15,0.1,0.1,-0.15,0.1,0.1,-0.15,0.1,0.15,0.1,0.1,0.1,0.1,0.1,0.15,0.1,0.1,0.15,0.1,0.1,0.15,0.1,0.15,0.1,-0.15,0.1,0.1,0.1,0.1,0.15,0.1,-0.15,0.1,0.15,0.1,-0.15,0.15,0.1,0.1,0.15,-0.15,-0.15,0.1,0.15,0.1,-0.15,0.1,0.1,-0.15,0.1,0.1,0.1,0.1,-0.15,0.1,0.3,0.1,0.1,0.1,0.15,-0.15,-0.15,0.15,0.1,0.1,0.1,0.1,0.3,0.15,0.15,0.1,0.1,0.1,0.1,0.1,0.1,-0.15,0.15,0.1,-0.15,0.1,0.15,-0.15,-0.15
CMCSA,0.3,0.1,0.1,0.15,0.3,0.15,0.1,0.15,0.3,0.1,0.15,0.3,0.1,-0.15,0.1,0.1,0.1,0.1,0.1,0.1,-0.15,0.1,0.15,0.45,1.0,0.1,0.15,0.3,-0.15,0.1,0.1,0.15,0.1,0.15,0.55,0.15,0.1,0.1,0.15,0.1,0.15,0.1,0.1,0.3,0.1,0.15,0.35,0.15,0.1,0.15,0.1,0.1,0.1,0.1,0.15,0.15,0.15,0.1,0.1,0.3,0.1,0.1,0.45,0.1,0.15,0.15,0.1,0.1,0.1,0.15,0.15,0.1,0.15,0.18,-0.15,0.1,0.15,0.1,0.1,0.1,0.1,0.15,0.15,0.1,0.1,0.15,0.1,0.15,0.1,0.15,0.15,0.1,0.1,0.15,0.15,0.15,0.1,0.15,0.15,0.15,0.1,0.15,0.1,0.15,0.1,-0.15,0.15,0.15,0.1,0.15
COP,0.1,0.15,0.1,0.1,-0.15,0.1,0.1,-0.15,0.1,0.1,-0.15,0.1,0.1,-0.15,-0.3,0.15,0.15,0.15,0.65,0.15,-0.15,0.15,0.15,-0.15,0.1,1.0,0.1,-0.15,0.1,0.78,0.1,-0.15,0.1,-0.15,-0.15,-0.15,0.1,0.15,0.1,0.15,-0.15,0.45,0.15,-0.15,0.15,0.1,-0.15,-0.15,0.15,-0.15,0.1,0.1,-0.15,0.1,0.1,-0.15,0.1,0.1,0.1,-0.15,0.1,0.1,-0.15,0.15,-0.15,-0.15,0.1,0.1,0.15,-0.15,-0.15,0.1,0.1,0.1,-0.15,-0.15,0.45,-0.15,0.45,0.15,0.15,-0.15,-0.15,-0.15,0.1,0.15,0.15,-0.15,0.1,0.15,-0.15,0.1,0.1,0.1,-0.15,-0.15,0.15,0.1,-0.15,0.1,0.1,-0.15,0.15,0.1,0.1,-0.15,-0.15,0.1,0.78,-0.15
COST,0.3,0.1,0.15,0.15,0.15,0.15,0.15,0.15,0.45,0.15,0.15,0.15,0.1,0.1,0.1,0.15,0.1,0.1,-0.15,0.15,0.15,0.15,0.15,0.15,0.15,0.1,1.0,0.15,0.1,0.1,0.15,0.15,0.15,0.15,0.15,0.15,0.15,0.3,0.15,0.1,0.15,0.1,0.1,0.15,0.1,0.15,0.15,0.45,0.15,0.15,0.15,0.15,0.3,0.15,0.4,0.3,0.3,0.15,0.15,0.3,0.15,0.1,0.1,0.15,0.15,0.15,0.1,0.15,0.15,0.1,0.3,0.1,0.3,0.18,0.1,0.15,-0.15,0.15,0.1,0.1,0.15,0.1,0.3,0.15,0.15,0.15,0.15,0.15,0.15,0.15,0.45,0.15,0.15,0.15,0.1,0.15,0.1,0.3,0.15,0.15,0.15,0.15,0.1,0.1,0.15,-0.15,0.65,0.1,0.1,-0.15
CSCO,0.3,0.1,0.15,0.3,0.3,0.15,0.15,0.15,0.15,0.1,0.3,0.45,0.1,-0.15,-0.15,0.1,-0.15,0.1,-0.15,0.1,-0.15,0.1,0.1,0.1,0.3,-0.15,0.15,1.0,0.1,0.1,0.15,0.1,0.1,0.15,0.1,0.15,0.1,0.1,0.1,0.1,0.3,0.1,0.1,0.15,0.15,0.15,0.15,0.15,0.15,0.1,0.15,0.1,0.1,0.1,0.15,0.15,0.1,0.15,0.15,0.45,0.15,0.1,0.15,0.1,0.15,0.4,0.1,0.15,0.1,0.4,0.15,0.15,0.1,0.15,0.1,0.1,0.1,0.15,0.1,0.1,0.15,0.15,0.1,0.15,0.1,0.1,0.15,-0.15,0.1,0.15,0.15,0.15,0.1,0.15,0.15,0.3,0.1,0.1,0.15,0.1,0.1,0.15,0.1,0.15,0.1,-0.15,0.15,0.15,0.1,0.1
CTA-PB,0.1,-0.15,0.1,0.1,-0.15,0.1,0.1,0.15,-0.15,0.1,0.1,0.1,0.1,-0.15,-0.15,0.1,-0.15,0.1,0.1,0.1,0.15,0.1,0.1,0.1,-0.15,0.1,0.1,0.1,1.0,-0.15,0.1,-0.15,0.1,0.1,-0.15,0.15,0.1,-0.15,-0.15,0.15,0.1,0.15,0.1,-0.15,-0.15,-0.15,-0.15,-0.15,-0.15,-0.15,0.15,0.15,0.1,0.1,-0.15,0.15,0.1,-0.15,-0.15,0.1,0.15,-0.15,-0.15,-0.15,-0.15,-0.15,-0.15,0.1,0.1,-0.15,0.1,0.1,-0.15,0.1,0.1,0.1,-0.15,-0.15,0.1,-0.15,0.1,0.1,0.1,0.1,-0.15,0.1,0.1,0.15,0.1,0.1,0.1,0.1,0.1,0.1,-0.15,-0.15,0.1,-0.15,-0.15,0.1,-0.15,0.15,-0.15,-0.15,0.1,-0.15,0.1,0.1,-0.15,-0.15
CVX,0.1,0.1,-0.15,0.1,-0.15,0.1,0.1,-0.15,-0.15,0.15,-0.15,0.1,0.1,0.1,-0.15,0.15,0.15,0.3,0.85,0.1,0.1,0.15,0.1,-0.15,0.1,0.78,0.1,0.1,-0.15,1.0,-0.15,0.1,0.1,-0.15,-0.15,-0.15,0.1,0.1,-0.15,0.15,-0.3,0.45,0.15,-0.3,0.15,0.15,0.1,0.1,0.15,-0.15,0.1,0.15,-0.15,0.15,0.1,-0.15,0.1,0.1,0.15,0.1,0.1,0.1,-0.15,0.1,0.1,0.1,0.1,0.1,0.15,-0.15,-0.15,0.15,0.1,0.1,-0.15,-0.15,0.45,-0.15,0.45,0.15,0.15,-0.15,0.1,0.1,0.1,0.3,0.15,-0.15,0.1,0.1,-0.15,0.15,-0.15,0.1,-0.15,0.1,0.4,0.1,0.1,0.1,0.1,0.15,0.15,0.1,0.15,-0.15,0.1,0.1,0.85,-0.3
D,0.1,0.1,0.1,0.15,0.15,0.15,0.15,0.1,-0.15,0.15,0.1,0.15,0.1,0.15,-0.3,0.1,-0.15,0.15,0.1,0.1,-0.15,-0.15,0.15,0.1,0.1,0.1,0.15,0.15,0.1,-0.15,1.0,0.15,0.15,0.15,0.15,0.15,0.15,0.15,0.15,0.15,0.15,0.15,0.15,0.15,0.15,0.15,0.15,0.3,0.15,0.15,0.15,0.15,0.15,0.15,0.15,0.15,0.15,0.15,0.15,0.15,0.15,0.1,-0.15,0.15,0.15,0.1,0.15,0.15,0.1,0.15,0.15,0.15,0.15,0.1,-0.15,0.15,0.15,0.15,0.15,0.1,0.15,0.15,0.1,0.15,0.15,0.15,0.15,0.1,0.15,0.15,0.15,0.15,0.1,0.15,-0.15,0.15,0.15,0.15,0.15,0.15,0.15,0.15,0.1,0.1,0.1,-0.1,0.1,0.15,0.1,-0.3
DE,0.1,0.1,0.15,0.15,0.15,0.15,0.15,-0.15,0.15,0.15,0.1,0.1,0.1,0.15,-0.15,0.15,0.1,0.1,0.1,0.15,-0.15,0.4,0.1,0.1,0.15,-0.15,0.15,0.1,-0.15,0.1,0.15,1.0,0.15,0.15,0.1,0.1,0.1,0.15,0.15,-0.15,0.1,0.15,0.1,0.1,0.15,0.3,0.1,0.15,0.15,0.1,0.1,0.15,0.1,0.1,0.15,0.1,0.1,0.15,0.1,0.15,0.1,0.1,-0.15,0.1,0.15,0.1,0.1,-0.15,0.1,0.15,0.1,0.1,0.1,0.15,0.1,0.1,0.15,-0.15,0.1,0.1,0.15,0.1,0.1,0.15,0.15,0.1,0.15,-0.15,0.1,0.1,0.1,0.15,0.1,0.1,0.15,-0.15,0.15,0.15,0.1,0.15,0.15,0.1,0.15,-0.15,0.1,-0.15,0.15,0.1,0.15,-0.3
DEO,0.1,0.1,0.1,0.15,0.1,0.15,0.1,0.1,0.15,0.1,0.1,0.1,0.1,0.1,-0.15,0.1,0.1,0.1,0.15,0.1,0.1,0.15,0.1,-0.15,0.1,0.1,0.15,0.1,0.1,0.1,0.15,0.15,1.0,0.15,0.15,-0.15,0.1,0.15,0.15,0.1,-0.15,0.1,-0.1,-0.1,-0.15,0.1,-0.15,0.1,0.1,-0.15,0.1,0.1,0.3,0.1,-0.15,0.1,0.15,0.1,0.1,0.1,0.1,-0.15,-0.15,0.3,0.1,-0.15,0.15,0.15,0.1,-0.15,0.15,0.1,0.3,0.1,0.4,0.1,0.15,-0.15,0.15,0.1,0.1,-0.15,0.15,-0.15,0.1,0.1,0.1,-0.15,0.1,0.1,0.1,0.1,0.1,0.1,-0.15,-0.15,0.15,0.15,0.1,0.1,0.1,0.1,0.1,-0.15,0.1,-0.15,0.1,0.1,0.1,-0.15
DHR,0.3,0.15,0.45,0.15,0.15,0.15,0.15,0.15,0.15,0.15,0.3,0.3,0.1,0.15,0.1,0.1,0.1,0.1,0.1,0.15,-0.15,0.15,0.15,0.1,0.15,-0.15,0.15,0.15,0.1,-0.15,0.15,0.15,0.15,1.0,0.15,0.15,0.1,0.3,0.15,0.1,0.15,0.1,0.15,0.15,0.15,0.3,0.15,0.15,0.45,0.1,0.3,0.1,0.1,0.3,0.15,0.15,0.1,0.3,0.15,0.15,0.15,0.1,0.1,0.1,0.15,0.15,0.15,0.15,0.15,0.15,0.15,0.1,0.15,0.15,0.1,0.15,0.15,0.1,0.15,0.1,0.15,0.15,0.1,0.1,0.15,0.15,0.15,-0.15,0.15,0.1,0.15,0.15,0.65,0.15,0.1,0.15,0.1,0.15,0.3,0.15,0.15,0.15,0.1,0.1,0.1,0.1,0.15,0.15,0.1,-0.15
DIS,0.3,-0.15,0.1,0.15,0.15,0.1,0.1,0.1,0.3,-0.15,0.1,0.15,-0.15,0.15,0.1,0.1,-0.15,0.1,-0.15,0.15,-0.15,0.1,0.1,0.15,0.55,-0.15,0.15,0.1,-0.15,-0.15,0.15,0.1,0.15,0.15,1.0,-0.15,-0.15,0.1,0.15,-0.15,0.1,-0.15,0.1,0.15,0.1,0.1,0.15,0.15,0.1,0.1,0.1,0.1,0.1,0.1,0.15,0.1,0.15,-0.15,0.15,0.15,0.1,-0.15,0.15,0.1,0.15,0.1,-0.15,-0.15,-0.15,0.1,0.1,-0.3,0.1,0.1,-0.3,-0.15,-0.15,0.1,0.15,-0.15,0.1,0.1,0.15,-0.15,0.1,0.15,0.1,-0.15,0.1,0.1,0.15,0.15,-0.15,0.15,0.15,0.1,0.1,0.15,0.1,0.15,0.1,0.15,-0.15,-0.15,0.1,-0.15,0.1,0.1,-0.3,-0.15
DLR,0.1,0.1,0.1,0.15,0.15,0.1,0.1,0.3,0.3,0.1,0.15,0.15,0.1,-0.15,-0.15,0.1,-0.15,-0.15,0.1,0.15,-0.15,0.1,0.45,0.1,0.15,-0.15,0.15,0.15,0.15,-0.15,0.15,0.1,-0.15,0.15,-0.15,1.0,0.1,0.1,0.15,0.1,0.65,-0.15,0.15,0.1,0.1,0.1,0.15,0.15,0.15,0.1,0.1,0.1,-0.15,0.1,0.15,0.1,0.1,0.1,0.1,0.15,0.15,0.1,0.1,0.1,0.1,0.15,0.1,0.1,0.15,0.15,0.1,0.15,0.1,0.15,-0.15,0.15,-0.15,0.1,0.1,0.1,0.15,0.15,0.1,0.1,0.1,0.1,0.15,0.15,0.15,0.1,0.15,0.1,0.15,0.15,0.1,0.15,0.1,0.15,0.15,0.15,0.1,0.1,-0.15,0.1,0.15,-0.15,0.1,0.15,-0.15,-0.15
DUK,0.1,0.15,0.1,0.1,-0.15,0.15,0.65,0.15,0.1,0.15,-0.15,0.1,0.15,-0.15,-0.15,0.1,0.1,0.1,0.1,0.15,0.1,0.1,0.15,0.1,0.1,0.1,0.15,0.1,0.1,0.1,0.15,0.1,0.1,0.1,-0.15,0.1,1.0,0.1,0.1,0.15,0.1,0.1,0.65,-0.15,-0.15,0.1,-0.15,0.1,0.1,-0.15,0.1,0.1,0.1,0.1,0.1,0.1,0.1,0.1,0.15,-0.15,0.65,-0.15,-0.15,0.15,0.1,-0.15,-0.15,0.1,0.15,-0.15,0.1,0.1,0.1,0.1,-0.15,0.1,0.1,-0.15,0.1,0.1,0.1,0.1,0.1,0.1,0.1,0.15,0.3,-0.15,0.15,0.1,0.1,0.1,0.1,0.1,-0.15,-0.15,0.1,0.1,0.1,0.1,0.15,0.1,-0.15,0.1,0.15,-0.15,0.1,0.15,0.1,-0.3
ECL,0.15,0.15,0.15,0.15,0.15,0.15,0.15,0.1,0.15,0.3,0.15,0.15,0.15,-0.15,-0.15,0.1,0.1,0.1,0.1,0.15,0.1,0.1,0.1,0.1,0.1,0.15,0.3,0.1,-0.15,0.1,0.15,0.15,0.15,0.3,0.1,0.1,0.1,1.0,0.15,0.1,0.1,0.1,0.15,0.1,0.1,0.1,0.1,0.15,0.3,0.1,0.15,0.15,0.15,0.15,0.15,0.15,0.1,0.3,0.1,0.1,0.15,-0.15,0.1,0.1,0.1,-0.15,0.1,0.1,0.1,0.1,0.15,0.1,0.15,0.15,0.15,0.1,0.1,0.1,0.1,0.1,0.1,0.1,0.15,0.1,0.15,0.1,0.15,-0.15,0.1,0.1,0.15,0.15,0.15,0.1,0.1,0.1,0.15,0.15,0.15,0.1,0.15,0.1,0.1,0.1,0.15,-0.15,0.1,0.15,0.15,-0.15
EL,0.15,0.15,0.15,0.15,0.15,0.15,0.15,0.1,0.15,0.15,0.15,0.15,0.1,0.15,-0.15,0.1,0.1,0.15,0.1,0.1,-0.15,0.15,0.15,0.1,0.15,0.1,0.15,0.1,-0.15,-0.15,0.15,0.15,0.15,0.15,0.15,0.15,0.1,0.15,1.0,0.15,0.15,0.15,0.15,0.1,-0.15,0.15,0.1,0.15,0.15,0.1,0.15,0.1,0.15,0.15,0.15,0.15,0.15,0.1,0.1,0.1,0.15,0.1,0.1,0.1,0.3,0.1,0.15,0.15,0.1,0.1,0.1,0.1,0.15,0.15,0.1,0.1,-0.15,0.15,-0.15,0.1,0.1,0.1,0.15,0.1,0.15,0.1,0.15,0.1,0.1,0.1,0.15,0.15,0.15,0.1,0.1,0.1,0.15,0.15,0.15,0.15,0.1,0.15,0.1,-0.1,0.15,-0.15,0.1,0.15,-0.15,-0.15
ENB,0.1,0.1,0.1,0.15,0.1,0.1,0.1,0.1,0.1,0.1,0.1,0.1,0.15,-0.15,-0.3,0.1,0.1,0.15,0.45,0.1,0.1,0.1,0.15,0.1,0.1,0.15,0.1,0.1,0.15,0.15,0.15,-0.15,0.1,0.1,-0.15,0.1,0.15,0.1,0.15,1.0,0.1,0.15,0.15,-0.15,-0.15,0.1,-0.15,-0.15,0.1,-0.15,0.1,0.1,0.1,-0.15,0.1,-0.15,0.1,-0.15,0.1,0.1,0.15,-0.15,-0.15,0.15,-0.15,-0.15,0.1,0.1,0.1,-0.15,0.1,0.1,0.1,-0.15,-0.15,0.1,0.15,-0.15,0.1,0.1,0.1,-0.15,-0.15,-0.15,0.1,0.1,0.15,-0.15,0.15,0.1,-0.15,-0.15,0.1,0.1,-0.15,-0.15,0.1,0.1,0.1,0.1,0.1,0.1,0.1,0.1,0.1,-0.15,0.1,0.1,0.15,-0.15
EQIX,0.3,0.1,0.1,0.15,0.3,0.15,0.15,0.3,0.3,0.1,0.15,0.3,0.1,-0.3,0.1,0.1,-0.15,0.1,-0.15,0.1,0.1,0.1,0.3,0.15,0.15,-0.15,0.15,0.3,0.1,-0.3,0.15,0.1,-0.15,0.15,0.1,0.65,0.1,0.1,0.15,0.1,1.0,0.1,0.1,0.15,-0.15,0.1,0.15,0.15,0.15,0.15,0.15,0.15,0.1,0.15,0.1,0.15,0.1,0.1,0.15,0.3,0.15,-0.15,0.1,0.1,0.1,0.15,0.1,0.1,0.1,0.15,0.1,-0.15,0.1,0.3,-0.15,0.3,0.1,0.1,-0.15,-0.15,0.1,0.3,0.1,0.15,0.1,0.15,0.1,0.1,0.3,0.1,0.1,0.1,0.15,0.15,0.1,0.15,0.1,0.1,0.1,0.15,0.1,0.15,0.1,0.15,0.45,-0.15,0.1,0.1,-0.3,-0.3
EQNR,0.1,0.1,0.1,0.15,-0.15,0.1,0.15,0.1,0.1,0.1,0.1,0.15,0.1,0.1,-0.3,0.1,0.15,0.15,0.45,0.1,0.15,0.1,0.15,0.1,0.1,0.45,0.1,0.1,0.15,0.45,0.15,0.15,0.1,0.1,-0.15,-0.15,0.1,0.1,0.15,0.15,0.1,1.0,0.15,-0.15,0.15,0.1,-0.15,-0.15,0.1,-0.15,0.1,0.1,-0.15,-0.15,-0.15,-0.15,-0.15,-0.15,0.1,-0.15,0.1,0.1,-0.15,0.15,-0.15,-0.15,0.1,0.1,0.1,-0.15,-0.15,0.1,-0.15,0.1,-0.15,-0.15,0.15,-0.15,0.45,0.15,0.15,-0.15,-0.15,-0.15,-0.15,0.15,0.15,-0.15,0.15,0.1,-0.15,0.1,-0.15,-0.15,-0.15,-0.15,0.45,0.15,-0.15,0.1,-0.15,0.1,0.15,0.1,0.1,-0.15,0.1,0.1,0.65,-0.15
EXC,0.1,0.1,0.1,0.1,0.1,0.1,0.45,0.1,0.1,0.15,0.1,0.1,0.15,-0.15,-0.15,0.1,-0.15,0.1,0.1,0.1,0.1,0.1,0.1,0.1,0.1,0.15,0.1,0.1,0.1,0.15,0.15,0.1,-0.1,0.15,0.1,0.15,0.65,0.15,0.15,0.15,0.1,0.15,1.0,-0.15,0.1,0.1,-0.15,0.1,0.15,-0.15,0.15,0.1,0.1,0.1,0.15,0.1,0.1,0.1,0.1,0.1,0.65,0.1,-0.15,0.1,-0.15,0.1,0.1,0.1,0.15,-0.15,0.1,0.1,0.1,0.1,-0.15,0.1,-0.15,-0.15,0.15,0.1,0.1,0.1,-0.15,-0.15,0.1,0.15,0.15,-0.15,0.15,0.1,0.15,0.15,0.1,0.1,-0.15,0.1,0.1,0.1,0.1,0.1,0.1,0.15,0.1,0.1,0.15,-0.15,0.1,0.6,-0.15,-0.15
FB,0.45,0.1,0.1,0.15,0.3,0.15,-0.15,0.1,0.3,0.1,0.15,0.15,-0.15,-0.15,0.15,0.1,-0.15,-0.15,-0.15,0.1,-0.15,0.1,0.1,0.15,0.3,-0.15,0.15,0.15,-0.15,-0.3,0.15,0.1,-0.1,0.15,0.15,0.1,-0.15,0.1,0.1,-0.15,0.15,-0.15,-0.15,1.0,0.1,0.1,0.6,0.15,0.1,0.15,0.15,0.1,0.15,0.15,0.15,0.15,0.15,0.1,0.15,0.45,0.1,0.1,0.3,0.1,0.15,0.3,0.1,0.1,0.1,0.3,0.15,0.1,0.15,0.1,-0.15,0.1,-0.15,0.3,-0.15,0.1,0.1,0.1,0.15,0.15,0.15,0.1,0.1,-0.15,0.1,0.1,0.15,0.15,0.15,0.15,0.15,0.3,0.1,0.15,0.15,0.15,-0.15,0.1,0.1,0.1,0.1,-0.3,0.15,0.1,-0.15,0.45
FCX,0.15,-0.15,-0.15,0.1,-0.15,0.1,0.1,0.15,0.1,0.15,0.1,0.1,-0.15,0.1,-0.15,0.1,0.15,0.65,0.15,0.15,0.1,0.15,0.1,0.1,0.1,0.15,0.1,0.15,-0.15,0.15,0.15,0.15,-0.15,0.15,0.1,0.1,-0.15,0.1,-0.15,-0.15,-0.15,0.15,0.1,0.1,1.0,0.1,0.1,0.1,0.15,0.1,0.1,0.15,0.1,0.1,0.1,0.1,-0.15,0.1,0.1,0.15,0.1,0.3,-0.15,-0.15,0.1,0.15,-0.15,-0.15,0.1,0.1,0.1,0.1,0.1,0.1,0.1,0.1,0.1,-0.15,0.15,0.45,0.1,0.1,0.1,0.1,0.15,0.1,0.1,-0.15,0.1,0.1,0.1,0.1,0.1,-0.15,0.1,0.1,0.15,0.1,0.1,0.15,0.15,0.1,0.45,-0.15,-0.15,-0.15,0.1,0.1,0.15,-0.15
GE,0.15,-0.15,0.1,0.15,0.1,0.1,0.1,0.1,0.15,0.15,0.15,0.1,0.1,0.15,-0.15,0.15,-0.15,0.1,0.15,0.15,0.1,0.3,0.1,0.1,0.15,0.1,0.15,0.15,-0.15,0.15,0.15,0.3,0.1,0.3,0.1,0.1,0.1,0.1,0.15,0.1,0.1,0.1,0.1,0.1,0.1,1.0,-0.15,0.1,0.15,-0.15,-0.15,0.1,0.1,-0.1,0.1,-0.15,0.1,0.1,0.1,0.1,0.1,0.1,-0.3,0.1,0.1,0.1,-0.15,-0.15,0.1,0.1,0.1,0.1,0.1,0.1,-0.15,0.1,-0.15,-0.15,-0.15,0.1,0.15,0.1,-0.15,-0.15,0.1,0.1,0.15,-0.15,0.1,-0.15,0.1,0.15,-0.15,0.1,0.1,0.1,0.1,0.1,0.1,0.15,0.1,0.1,0.1,0.1,-0.15,-0.15,0.1,0.1,-0.15,-0.3
GOOG,0.65,0.1,0.1,0.15,0.3,0.1,0.1,0.1,0.45,0.1,0.3,0.3,-0.15,0.1,0.15,0.15,-0.15,0.1,-0.15,0.15,-0.15,0.15,0.1,0.15,0.35,-0.15,0.15,0.15,-0.15,0.1,0.15,0.1,-0.15,0.15,0.15,0.15,-0.15,0.1,0.1,-0.15,0.15,-0.15,-0.15,0.6,0.1,-0.15,1.0,0.15,0.15,0.15,0.15,0.15,0.1,0.15,0.15,0.3,0.15,0.1,0.15,0.55,0.15,0.15,0.3,-0.15,0.15,0.3,0.15,0.1,-0.15,0.3,0.15,0.15,0.15,0.15,-0.15,0.1,-0.15,0.3,0.1,0.1,0.15,0.15,0.15,0.15,0.15,0.1,0.1,-0.15,0.1,0.15,0.15,0.15,0.15,0.15,0.3,0.3,0.1,0.1,0.15,0.15,0.1,0.15,0.1,0.15,0.1,0.1,0.15,0.1,0.1,0.15
HD,0.3,0.1,0.1,0.15,0.15,0.15,0.15,0.15,0.3,0.15,0.15,0.15,0.15,0.1,-0.15,0.15,0.1,0.1,0.1,0.3,-0.15,0.3,0.15,0.1,0.15,-0.15,0.45,0.15,-0.15,0.1,0.3,0.15,0.1,0.15,0.15,0.15,0.1,0.15,0.15,-0.15,0.15,-0.15,0.1,0.15,0.1,0.1,0.15,1.0,0.3,0.15,0.3,0.3,0.15,0.15,0.85,0.3,0.3,0.3,0.15,0.3,0.15,0.15,0.15,0.15,0.3,0.15,0.15,0.15,0.15,0.15,0.3,0.15,0.3,0.3,0.15,0.3,0.15,0.15,0.15,0.15,0.15,0.1,0.3,0.15,0.6,0.1,0.15,0.15,0.15,0.18,0.4,0.3,0.3,0.18,0.15,0.15,0.15,0.3,0.3,0.3,0.15,0.3,0.15,0.1,0.15,-0.15,0.6,0.15,0.15,0.15
HON,0.15,0.1,0.15,0.3,0.15,0.15,0.15,0.15,0.15,0.3,0.15,0.15,0.1,0.15,-0.15,0.1,0.1,0.1,0.1,0.15,0.1,0.3,0.15,0.15,0.1,0.15,0.15,0.15,-0.15,0.15,0.15,0.15,0.1,0.45,0.1,0.15,0.1,0.3,0.15,0.1,0.15,0.1,0.15,0.1,0.15,0.15,0.15,0.3,1.0,0.1,0.3,0.15,0.1,0.15,0.45,0.15,0.15,0.65,0.15,0.15,0.15,0.15,0.1,0.1,0.15,0.15,0.15,0.15,0.15,0.15,0.15,0.15,0.4,0.3,0.15,0.15,0.15,0.1,0.15,0.15,0.45,0.15,0.15,0.1,0.3,0.15,0.15,0.1,0.3,0.15,0.15,0.3,0.3,0.15,0.15,0.15,0.15,0.15,0.15,0.3,0.15,0.15,0.15,0.15,0.1,0.1,0.15,0.15,0.15,-0.15
JD,0.15,0.1,0.1,0.15,0.15,0.1,-0.15,0.1,0.3,0.1,0.15,0.15,0.1,-0.15,0.65,-0.15,-0.15,0.1,-0.15,0.1,0.1,0.1,0.1,0.1,0.15,-0.15,0.15,0.1,-0.15,-0.15,0.15,0.1,-0.15,0.1,0.1,0.1,-0.15,0.1,0.1,-0.15,0.15,-0.15,-0.15,0.15,0.1,-0.15,0.15,0.15,0.1,1.0,0.15,0.1,0.1,0.1,0.1,0.1,0.1,-0.15,-0.15,0.1,-0.15,0.1,0.1,-0.15,0.15,0.15,0.1,0.1,-0.15,0.15,0.15,0.1,0.15,0.1,-0.15,-0.15,0.1,0.15,-0.15,0.15,-0.15,0.1,0.15,-0.15,0.1,0.1,-0.3,-0.3,0.1,-0.15,0.1,0.1,0.1,0.1,0.15,0.15,0.1,0.1,0.1,0.15,-0.15,-0.15,0.1,-0.15,-0.15,-0.3,0.3,-0.15,-0.15,0.15
JNJ,0.15,0.65,0.45,0.15,0.1,0.15,0.15,0.1,0.15,0.15,0.15,0.1,0.1,-0.15,-0.15,0.1,0.1,0.1,0.1,0.15,0.15,0.15,0.15,-0.15,0.1,0.1,0.15,0.15,0.15,0.1,0.15,0.1,0.1,0.3,0.1,0.1,0.1,0.15,0.15,0.1,0.15,0.1,0.15,0.15,0.1,-0.15,0.15,0.3,0.3,0.15,1.0,0.1,0.15,0.45,0.1,0.1,0.1,0.3,0.15,0.15,0.1,0.1,-0.15,0.1,0.1,0.15,0.3,0.65,0.1,0.1,0.15,0.65,0.4,0.1,0.15,0.1,0.1,-0.15,0.1,-0.15,0.1,-0.15,0.1,0.1,0.1,0.15,0.1,-0.15,0.1,0.1,0.15,0.15,0.4,0.1,0.1,0.1,0.1,0.15,0.55,0.1,0.1,0.15,-0.15,0.1,0.15,-0.15,0.15,0.1,0.1,-0.3
JPM,0.15,0.15,0.1,0.15,0.1,0.15,0.1,0.15,0.15,0.1,0.1,0.15,0.1,0.1,-0.3,0.85,0.1,0.1,0.1,0.3,0.1,0.15,0.1,0.1,0.1,0.1,0.15,0.1,0.15,0.15,0.15,0.15,0.1,0.1,0.1,0.1,0.1,0.15,0.1,0.1,0.15,0.1,0.1,0.1,0.15,0.1,0.15,0.3,0.15,0.1,0.1,1.0,0.1,0.15,0.1,0.45,0.15,0.15,0.85,0.15,0.1,0.1,-0.15,-0.15,0.1,0.15,0.1,0.1,0.1,0.1,0.1,0.15,0.1,0.15,-0.15,0.1,0.1,0.1,0.15,0.1,0.1,0.1,0.15,0.65,0.1,0.15,0.1,-0.15,0.1,0.15,0.1,0.15,0.15,0.1,0.1,0.1,0.15,0.1,0.15,0.15,0.15,0.3,0.1,0.15,0.1,0.65,0.15,-0.15,0.15,-0.3
KO,0.15,0.1,0.1,0.1,0.1,0.15,0.1,0.1,0.15,0.1,-0.15,-0.15,0.1,-0.15,-0.15,0.1,0.1,0.1,0.1,0.3,-0.15,0.1,0.1,0.1,0.1,-0.15,0.3,0.1,0.1,-0.15,0.15,0.1,0.3,0.1,0.1,-0.15,0.1,0.15,0.15,0.1,0.1,-0.15,0.1,0.15,0.1,0.1,0.1,0.15,0.1,0.1,0.15,0.1,1.0,0.1,0.1,0.1,0.65,0.15,0.1,0.1,0.1,-0.15,-0.15,0.15,0.15,-0.15,0.1,0.15,0.15,-0.15,0.85,0.15,0.45,0.1,0.15,-0.15,-0.15,0.1,0.15,0.1,0.1,-0.15,0.3,0.1,0.15,0.15,0.1,0.1,0.1,0.15,0.15,0.15,0.1,0.1,0.1,0.1,0.15,0.45,0.1,0.15,0.1,0.15,-0.15,0.1,0.1,-0.15,0.15,0.1,0.1,-0.15
LLY,0.15,0.45,0.45,0.15,0.15,0.15,0.15,0.1,0.15,0.15,0.15,0.15,0.1,-0.15,-0.15,0.15,-0.15,0.1,0.1,0.1,0.1,0.1,0.1,0.1,0.1,0.1,0.15,0.1,0.1,0.15,0.15,0.1,0.1,0.3,0.1,0.1,0.1,0.15,0.15,-0.15,0.15,-0.15,0.1,0.15,0.1,-0.1,0.15,0.15,0.15,0.1,0.45,0.15,0.1,1.0,0.15,0.1,0.15,0.15,0.15,0.15,0.1,0.1,0.1,0.1,0.15,0.15,0.65,0.4,0.1,0.1,0.15,0.4,0.15,0.1,0.1,-0.15,-0.15,-0.15,0.1,-0.15,0.1,0.1,0.1,0.1,0.1,0.15,0.15,0.1,0.15,0.1,0.15,0.1,0.3,0.15,0.1,0.15,0.15,0.15,0.45,0.15,0.1,0.15,0.1,0.1,0.15,-0.15,0.1,0.15,0.1,-0.15
LOW,0.15,0.1,0.1,0.15,0.1,0.15,0.15,0.15,0.3,0.15,0.15,0.15,0.15,0.1,-0.15,0.15,0.1,0.1,0.1,0.15,0.1,0.15,0.15,0.1,0.15,0.1,0.4,0.15,-0.15,0.1,0.15,0.15,-0.15,0.15,0.15,0.15,0.1,0.15,0.15,0.1,0.1,-0.15,0.15,0.15,0.1,0.1,0.15,0.85,0.45,0.1,0.1,0.1,0.1,0.15,1.0,0.15,0.3,0.3,0.15,0.15,0.15,0.15,0.1,0.15,0.15,0.15,0.1,0.1,0.15,0.15,0.15,0.15,0.3,0.4,0.1,0.15,-0.15,0.15,0.1,0.1,0.15,0.15,0.15,0.15,0.45,0.15,0.15,0.15,0.15,0.1,0.45,0.3,0.15,0.15,0.15,0.15,0.1,0.15,0.15,0.15,0.15,0.15,-0.15,0.15,0.15,-0.1,0.45,0.15,0.1,-0.15
MA,0.3,0.1,0.15,0.3,0.3,0.15,0.1,0.1,0.3,0.1,0.15,0.15,0.1,0.1,0.1,0.4,0.1,0.1,-0.15,0.3,0.1,0.1,0.1,0.15,0.15,-0.15,0.3,0.15,0.15,-0.15,0.15,0.1,0.1,0.15,0.1,0.1,0.1,0.15,0.15,-0.15,0.15,-0.15,0.1,0.15,0.1,-0.15,0.3,0.3,0.15,0.1,0.1,0.45,0.1,0.1,0.15,1.0,0.3,0.15,0.15,0.3,0.1,0.1,0.1,0.1,0.15,0.3,0.15,0.1,0.15,0.15,0.15,0.1,0.15,0.15,0.15,0.1,-0.15,0.45,0.1,-0.15,0.1,0.15,0.15,0.3,0.15,0.1,0.1,0.15,0.15,0.1,0.15,0.15,0.3,0.1,0.15,0.15,0.1,0.15,0.15,0.15,0.15,0.15,0.1,-0.15,0.1,0.15,0.15,0.1,-0.15,-0.3
MCD,0.15,0.1,0.15,0.15,0.1,0.15,0.1,0.1,0.15,0.15,0.1,0.1,0.1,0.1,-0.15,0.1,0.1,0.1,0.1,0.15,0.1,0.1,0.1,0.1,0.15,0.1,0.3,0.1,0.1,0.1,0.15,0.1,0.15,0.1,0.15,0.1,0.1,0.1,0.15,0.1,0.1,-0.15,0.1,0.15,-0.15,0.1,0.15,0.3,0.15,0.1,0.1,0.15,0.65,0.15,0.3,0.3,1.0,0.15,0.15,0.15,0.1,0.1,0.1,0.1,0.15,0.1,0.15,0.15,0.15,0.1,0.6,0.1,0.3,0.1,0.15,0.1,-0.15,0.1,0.1,0.1,0.1,0.1,0.4,0.1,0.1,0.15,0.1,0.1,0.1,0.1,0.3,0.15,0.15,0.1,0.1,0.1,0.15,0.3,0.15,0.15,0.15,0.15,0.1,0.1,0.1,-0.15,0.3,0.1,0.1,-0.3
MMM,0.15,0.1,0.15,0.15,0.15,0.15,0.15,0.1,0.1,0.15,0.15,0.15,0.1,0.15,-0.3,0.1,0.1,0.1,0.1,0.15,-0.15,0.4,0.1,-0.15,0.1,0.1,0.15,0.15,-0.15,0.1,0.15,0.15,0.1,0.3,-0.15,0.1,0.1,0.3,0.1,-0.15,0.1,-0.15,0.1,0.1,0.1,0.1,0.1,0.3,0.65,-0.15,0.3,0.15,0.15,0.15,0.3,0.15,0.15,1.0,0.15,0.1,0.15,0.1,-0.3,0.1,0.1,-0.15,0.1,0.1,-0.15,-0.15,0.15,0.1,0.3,0.1,0.1,0.1,-0.15,-0.15,-0.15,-0.15,0.15,-0.15,-0.15,-0.15,0.15,0.1,-0.15,-0.15,0.1,-0.15,0.15,0.15,0.15,-0.15,-0.15,-0.15,0.1,0.15,0.15,0.15,0.1,0.15,-0.15,-0.15,0.1,-0.15,0.15,0.1,0.1,-0.3
MS,0.15,0.1,0.1,0.15,0.15,0.15,0.15,0.1,0.15,0.1,0.15,0.15,0.1,0.15,-0.3,0.45,-0.15,0.1,0.1,0.15,-0.15,0.15,0.1,0.1,0.1,0.1,0.15,0.15,-0.15,0.15,0.15,0.1,0.1,0.15,0.15,0.1,0.15,0.1,0.1,0.1,0.15,0.1,0.1,0.15,0.1,0.1,0.15,0.15,0.15,-0.15,0.15,0.85,0.1,0.15,0.15,0.15,0.15,0.15,1.0,0.85,0.15,0.1,0.1,0.1,0.15,0.15,0.15,0.15,0.15,0.15,0.15,0.15,0.15,0.15,0.15,0.15,0.1,0.15,0.1,0.15,0.15,0.1,0.15,0.45,0.15,0.15,0.1,-0.15,0.1,0.15,0.15,0.15,0.15,0.1,0.1,0.15,0.15,0.15,0.18,0.15,0.15,0.15,0.15,0.15,0.15,0.15,0.15,0.1,0.1,-0.15
MSFT,0.85,0.1,0.15,0.45,0.65,0.15,0.15,0.15,0.45,0.15,0.3,0.3,0.1,0.1,0.1,0.15,-0.15,0.1,-0.15,0.15,0.1,0.15,0.1,0.15,0.3,-0.15,0.3,0.45,0.1,0.1,0.15,0.15,0.1,0.15,0.15,0.15,-0.15,0.1,0.1,0.1,0.3,-0.15,0.1,0.45,0.15,0.1,0.55,0.3,0.15,0.1,0.15,0.15,0.1,0.15,0.15,0.3,0.15,0.1,0.85,1.0,0.15,0.1,0.3,0.1,0.3,0.7,0.15,0.15,-0.15,0.6,0.15,0.15,0.3,0.15,-0.15,0.15,0.1,0.3,0.1,0.15,0.3,0.15,0.15,0.15,0.15,0.15,0.15,-0.15,0.15,0.15,0.15,0.15,0.3,0.3,0.3,0.45,0.15,0.1,0.3,0.15,0.15,0.15,0.15,0.1,0.1,0.1,0.15,0.1,0.1,0.15
NEE,0.15,0.1,0.1,0.15,0.15,0.1,0.45,0.15,0.15,0.15,0.15,0.1,0.15,-0.15,-0.15,0.1,0.1,0.1,0.1,0.1,0.1,0.1,0.15,0.1,0.1,0.1,0.15,0.15,0.15,0.1,0.15,0.1,0.1,0.15,0.1,0.15,0.65,0.15,0.15,0.15,0.15,0.1,0.65,0.1,0.1,0.1,0.15,0.15,0.15,-0.15,0.1,0.1,0.1,0.1,0.15,0.1,0.1,0.15,0.15,0.15,1.0,0.1,-0.15,0.15,0.1,0.1,0.1,0.1,0.15,0.1,0.1,0.1,0.1,0.15,-0.15,0.1,0.1,-0.15,0.1,-0.15,0.1,0.1,0.1,0.1,0.1,0.15,0.45,-0.15,0.45,0.1,0.1,0.1,0.1,0.1,0.1,0.1,0.1,0.1,0.1,0.1,0.1,0.1,0.1,0.1,0.3,-0.15,0.15,0.65,0.1,-0.15
NEM,0.1,0.1,0.1,0.1,-0.15,-0.15,0.1,-0.15,-0.15,0.15,0.1,0.1,-0.15,-0.15,-0.3,0.1,0.15,0.45,0.1,0.1,-0.15,0.1,0.1,-0.15,0.1,0.1,0.1,0.1,-0.15,0.1,0.1,0.1,-0.15,0.1,-0.15,0.1,-0.15,-0.15,0.1,-0.15,-0.15,0.1,0.1,0.1,0.3,0.1,0.15,0.15,0.15,0.1,0.1,0.1,-0.15,0.1,0.15,0.1,0.1,0.1,0.1,0.1,0.1,1.0,-0.15,-0.15,-0.15,0.1,-0.15,-0.1,0.1,-0.15,-0.15,0.1,0.1,0.1,-0.15,-0.15,0.1,0.1,0.15,0.45,0.1,-0.15,-0.15,0.1,0.1,0.1,0.15,-0.15,-0.15,0.1,0.1,0.1,0.1,-0.15,-0.15,0.1,0.1,0.1,0.1,0.1,0.1,0.1,0.15,-0.15,0.1,-0.15,-0.15,0.1,0.1,-0.15
NFLX,0.3,-0.15,-0.15,0.15,0.3,0.1,-0.15,0.1,0.3,-0.15,0.15,0.15,-0.15,-0.3,0.15,-0.15,-0.15,-0.15,-0.3,0.1,-0.15,-0.15,-0.15,0.15,0.45,-0.15,0.1,0.15,-0.15,-0.15,-0.15,-0.15,-0.15,0.1,0.15,0.1,-0.15,0.1,0.1,-0.15,0.1,-0.15,-0.15,0.3,-0.15,-0.3,0.3,0.15,0.1,0.1,-0.15,-0.15,-0.15,0.1,0.1,0.1,0.1,-0.3,0.1,0.3,-0.15,-0.15,1.0,-0.15,0.15,0.15,-0.15,0.1,-0.15,0.15,0.1,-0.15,0.1,0.1,-0.15,-0.15,-0.15,0.15,-0.15,-0.15,-0.15,0.1,0.15,-0.15,0.1,0.1,-0.15,-0.3,-0.15,-0.15,0.1,-0.15,0.1,0.15,0.15,0.15,-0.15,0.1,0.1,0.15,-0.15,-0.15,-0.15,-0.15,-0.15,-0.15,0.1,-0.15,-0.15,0.15
NGG,-0.15,0.1,0.1,0.15,-0.15,0.1,0.15,0.1,-0.15,0.1,-0.15,0.1,0.15,0.1,-0.15,-0.15,0.1,0.1,0.3,0.1,-0.15,0.1,0.1,0.1,0.1,0.15,0.15,0.1,-0.15,0.1,0.15,0.1,0.3,0.1,0.1,0.1,0.15,0.1,0.1,0.15,0.1,0.15,0.1,0.1,-0.15,0.1,-0.15,0.15,0.1,-0.15,0.1,-0.15,0.15,0.1,0.15,0.1,0.1,0.1,0.1,0.1,0.15,-0.15,-0.15,1.0,-0.15,-0.15,0.1,0.1,0.1,-0.15,0.1,-0.15,0.1,-0.15,-0.15,0.1,0.1,-0.15,0.15,0.1,0.1,-0.15,-0.15,-0.15,-0.15,0.15,0.1,-0.15,0.15,0.1,-0.15,-0.15,-0.15,0.1,-0.15,-0.15,0.1,0.1,-0.15,-0.15,0.1,0.1,-0.15,0.1,0.1,-0.15,0.1,0.15,0.15,-0.15
NKE,0.3,0.1,0.1,0.15,0.15,0.15,0.1,0.15,0.3,0.1,0.15,0.15,0.1,0.1,0.1,0.15,0.1,0.1,-0.15,0.1,-0.15,0.15,0.1,0.1,0.15,-0.15,0.15,0.15,-0.15,0.1,0.15,0.15,0.1,0.15,0.15,0.1,0.1,0.1,0.3,-0.15,0.1,-0.15,-0.15,0.15,0.1,0.1,0.15,0.3,0.15,0.15,0.1,0.1,0.15,0.15,0.15,0.15,0.15,0.1,0.15,0.3,0.1,-0.15,0.15,-0.15,1.0,0.15,0.15,0.15,0.15,0.15,0.3,0.1,0.3,0.15,0.15,0.15,-0.15,0.15,0.1,0.1,0.15,0.15,0.3,0.15,0.15,0.15,0.1,0.1,0.1,0.15,0.4,0.3,0.15,0.15,0.15,0.15,0.1,0.3,0.15,0.3,0.15,0.3,0.1,0.1,0.1,-0.15,0.3,0.1,-0.15,0.1
NVDA,0.65,0.1,0.15,0.3,0.3,0.15,0.15,0.15,0.3,0.15,0.65,0.65,-0.15,0.1,0.15,0.15,-0.15,0.1,-0.3,0.15,0.1,0.15,0.1,0.15,0.15,-0.15,0.15,0.4,-0.15,0.1,0.1,0.1,-0.15,0.15,0.1,0.15,-0.15,-0.15,0.1,-0.15,0.15,-0.15,0.1,0.3,0.15,0.1,0.3,0.15,0.15,0.15,0.15,0.15,-0.15,0.15,0.15,0.3,0.1,-0.15,0.15,0.7,0.1,0.1,0.15,-0.15,0.15,1.0,0.15,0.15,-0.15,0.4,0.15,0.15,0.15,0.3,-0.15,0.15,-0.15,0.3,0.15,0.15,0.3,0.15,0.15,0.15,0.15,0.15,0.15,-0.15,0.15,0.15,0.15,0.15,0.15,0.3,0.45,0.65,0.15,0.15,0.15,0.15,0.15,0.3,0.15,0.1,0.1,0.15,0.15,0.15,0.15,0.15
NVO,0.1,0.3,0.3,0.1,0.15,0.1,0.1,0.1,0.1,0.1,0.15,0.15,0.1,-0.15,-0.15,0.1,0.1,0.1,0.1,0.1,-0.15,0.1,-0.15,-0.15,0.1,0.1,0.1,0.1,-0.15,0.1,0.15,0.1,0.15,0.15,-0.15,0.1,-0.15,0.1,0.15,0.1,0.1,0.1,0.1,0.1,-0.15,-0.15,0.15,0.15,0.15,0.1,0.3,0.1,0.1,0.65,0.1,0.15,0.15,0.1,0.15,0.15,0.1,-0.15,-0.15,0.1,0.15,0.15,1.0,0.65,0.15,0.1,0.1,0.15,0.15,0.1,-0.15,-0.15,0.1,-0.15,0.1,0.15,0.1,-0.15,0.1,-0.15,0.15,0.1,0.1,-0.15,0.1,0.1,0.1,0.15,0.15,0.1,-0.1,0.1,0.15,0.15,0.15,0.1,-0.15,0.15,0.15,-0.15,0.1,-0.15,0.1,0.1,0.1,-0.15
NVS,0.1,0.3,0.3,0.15,0.1,0.15,0.1,0.1,0.1,0.15,0.15,0.15,0.1,-0.15,-0.15,0.1,0.1,0.1,0.1,0.1,-0.15,0.1,0.1,-0.15,0.1,0.1,0.15,0.15,0.1,0.1,0.15,-0.15,0.15,0.15,-0.15,0.1,0.1,0.1,0.15,0.1,0.1,0.1,0.1,0.1,-0.15,-0.15,0.1,0.15,0.15,0.1,0.65,0.1,0.15,0.4,0.1,0.1,0.15,0.1,0.15,0.15,0.1,-0.1,0.1,0.1,0.15,0.15,0.65,1.0,0.1,0.1,0.1,0.15,0.15,0.1,0.15,0.1,0.1,-0.15,0.1,0.1,0.1,-0.15,0.1,-0.15,0.1,0.15,0.1,-0.15,0.1,0.1,0.1,0.1,0.15,0.1,-0.15,0.1,0.15,0.15,0.15,0.1,-0.15,0.1,0.1,0.1,0.1,-0.15,0.1,0.1,0.1,-0.15
O,-0.15,0.1,0.1,-0.15,-0.15,0.1,0.15,0.1,-0.3,0.1,-0.15,0.1,0.15,0.15,-0.3,0.1,-0.15,0.1,0.15,0.15,-0.15,0.15,0.15,0.1,0.1,0.15,0.15,0.1,0.1,0.15,0.1,0.1,0.1,0.15,-0.15,0.15,0.15,0.1,0.1,0.1,0.1,0.1,0.15,0.1,0.1,0.1,-0.15,0.15,0.15,-0.15,0.1,0.1,0.15,0.1,0.15,0.15,0.15,-0.15,0.15,-0.15,0.15,0.1,-0.15,0.1,0.15,-0.15,0.15,0.1,1.0,0.15,0.1,0.1,0.15,0.1,0.15,0.15,0.15,0.1,0.15,-0.15,0.1,0.1,0.1,0.15,0.1,0.15,0.15,0.1,0.15,0.1,0.15,0.1,0.1,0.1,0.1,0.1,0.15,0.1,0.15,0.15,0.1,0.1,-0.15,0.1,0.15,-0.15,0.1,0.15,-0.15,-0.3
ORCL,0.3,0.1,0.1,0.3,0.3,0.15,0.15,0.1,0.3,0.1,0.3,0.3,-0.15,-0.15,0.1,0.1,-0.15,0.1,-0.3,0.15,-0.15,0.1,0.1,0.15,0.15,-0.15,0.1,0.4,-0.15,-0.15,0.15,0.15,-0.15,0.15,0.1,0.15,-0.15,0.1,0.1,-0.15,0.15,-0.15,-0.15,0.3,0.1,0.1,0.3,0.15,0.15,0.15,0.1,0.1,-0.15,0.1,0.15,0.15,0.1,-0.15,0.15,0.6,0.1,-0.15,0.15,-0.15,0.15,0.4,0.1,0.1,0.15,1.0,0.1,0.1,0.1,0.1,-0.15,0.1,-0.15,0.15,0.1,0.1,0.1,0.15,0.1,0.1,0.15,0.1,0.1,-0.15,0.1,0.1,0.1,0.1,0.1,0.15,0.15,0.3,0.1,0.1,0.1,0.15,0.1,0.15,0.1,0.1,0.1,-0.15,0.15,0.1,0.1,-0.15
PEP,0.15,0.1,0.1,0.1,0.15,0.1,0.1,0.1,0.15,0.1,0.1,0.15,0.1,-0.15,0.1,0.1,0.1,0.1,-0.15,0.15,0.15,0.1,0.1,0.1,0.15,-0.15,0.3,0.15,0.1,-0.15,0.15,0.1,0.15,0.15,0.1,0.1,0.1,0.15,0.1,0.1,0.1,-0.15,0.1,0.15,0.1,0.1,0.15,0.3,0.15,0.15,0.15,0.1,0.85,0.15,0.15,0.15,0.6,0.15,0.15,0.15,0.1,-0.15,0.1,0.1,0.3,0.15,0.1,0.1,0.1,0.1,1.0,0.15,0.65,0.15,0.15,0.1,0.1,0.15,0.15,0.15,0.1,0.15,0.3,0.1,0.15,0.15,0.15,0.1,0.15,0.15,0.15,0.15,0.15,0.15,0.1,0.1,0.1,0.45,0.15,0.15,0.15,0.15,0.15,0.1,0.1,-0.15,0.3,0.1,0.15,-0.15
PFE,0.15,0.65,0.3,0.15,0.1,0.1,0.1,0.1,0.1,0.1,0.15,0.15,-0.15,0.1,-0.3,0.15,0.1,0.1,0.1,0.1,0.1,0.1,-0.15,-0.15,0.1,0.1,0.1,0.15,0.1,0.15,0.15,0.1,0.1,0.1,-0.3,0.15,0.1,0.1,0.1,0.1,-0.15,0.1,0.1,0.1,0.1,0.1,0.15,0.15,0.15,0.1,0.65,0.15,0.15,0.4,0.15,0.1,0.1,0.1,0.15,0.15,0.1,0.1,-0.15,-0.15,0.1,0.15,0.15,0.15,0.1,0.1,0.15,1.0,0.15,0.1,0.1,-0.15,0.1,-0.15,0.1,0.1,0.15,0.1,-0.15,0.1,0.1,0.1,-0.15,-0.15,0.1,0.1,0.1,0.1,0.15,0.1,-0.1,0.1,0.1,0.1,0.45,0.1,0.1,0.1,0.1,0.1,0.1,-0.15,0.1,0.1,0.1,-0.3
PG,0.15,0.15,0.15,0.15,0.15,0.1,0.1,0.1,0.15,0.15,0.1,0.1,0.1,-0.15,-0.15,0.1,0.1,0.1,0.1,0.15,0.15,0.15,0.1,0.1,0.15,0.1,0.3,0.1,-0.15,0.1,0.15,0.1,0.3,0.15,0.1,0.1,0.1,0.15,0.15,0.1,0.1,-0.15,0.1,0.15,0.1,0.1,0.15,0.3,0.4,0.15,0.4,0.1,0.45,0.15,0.3,0.15,0.3,0.3,0.15,0.3,0.1,0.1,0.1,0.1,0.3,0.15,0.15,0.15,0.15,0.1,0.65,0.15,1.0,0.15,0.45,0.15,0.15,0.1,0.1,0.1,0.1,0.1,0.15,0.1,0.3,0.15,0.1,0.1,0.15,0.1,0.45,0.15,0.15,0.1,0.1,-0.15,0.15,0.45,0.15,0.15,0.15,0.15,0.1,0.1,0.15,-0.15,0.3,0.1,0.15,-0.3
PLD,0.15,0.1,0.1,0.15,0.15,0.1,0.1,0.15,0.15,0.15,0.15,0.15,0.1,0.1,-0.15,0.15,0.1,0.1,0.1,0.1,0.1,0.15,0.15,0.1,0.18,0.1,0.18,0.15,0.1,0.1,0.1,0.15,0.1,0.15,0.1,0.15,0.1,0.15,0.15,-0.15,0.3,0.1,0.1,0.1,0.1,0.1,0.15,0.3,0.3,0.1,0.1,0.15,0.1,0.1,0.4,0.15,0.1,0.1,0.15,0.15,0.15,0.1,0.1,-0.15,0.15,0.3,0.1,0.1,0.1,0.1,0.15,0.1,0.15,1.0,0.15,0.15,0.15,0.15,0.1,0.1,0.15,0.15,0.15,0.1,0.15,0.15,0.15,0.15,0.15,0.1,0.1,0.15,0.15,0.15,0.15,0.1,0.1,0.15,0.15,0.45,0.45,0.15,0.1,0.1,0.15,0.1,0.15,0.1,0.1,-0.15
PM,-0.15,0.15,0.1,0.1,-0.15,0.1,0.1,0.1,-0.15,-0.15,-0.15,-0.15,0.1,-0.15,-0.3,-0.15,0.1,-0.15,0.1,0.1,-0.15,-0.15,0.1,-0.15,-0.15,-0.15,0.1,0.1,0.1,-0.15,-0.15,0.1,0.4,0.1,-0.3,-0.15,-0.15,0.15,0.1,-0.15,-0.15,-0.15,-0.15,-0.15,0.1,-0.15,-0.15,0.15,0.15,-0.15,0.15,-0.15,0.15,0.1,0.1,0.15,0.15,0.1,0.15,-0.15,-0.15,-0.15,-0.15,-0.15,0.15,-0.15,-0.15,0.15,0.15,-0.15,0.15,0.1,0.45,0.15,1.0,0.1,0.15,-0.3,0.1,-0.15,-0.15,0.1,-0.15,-0.15,-0.15,0.1,-0.15,0.1,0.1,0.1,-0.15,0.1,-0.15,0.1,-0.15,-0.15,0.15,-0.15,-0.15,-0.15,0.1,-0.15,-0.15,-0.15,0.1,-0.15,-0.15,0.1,-0.15,-0.3
PSA,0.1,0.1,0.1,0.1,0.1,0.1,0.1,0.15,0.1,0.1,0.1,0.1,0.1,-0.15,-0.15,0.1,0.1,0.1,-0.15,0.1,-0.15,0.1,0.45,0.1,0.1,-0.15,0.15,0.1,0.1,-0.15,0.15,0.1,0.1,0.15,-0.15,0.15,0.1,0.1,0.1,0.1,0.3,-0.15,0.1,0.1,0.1,0.1,0.1,0.3,0.15,-0.15,0.1,0.1,-0.15,-0.15,0.15,0.1,0.1,0.1,0.15,0.15,0.1,-0.15,-0.15,0.1,0.15,0.15,-0.15,0.1,0.15,0.1,0.1,-0.15,0.15,0.15,0.1,1.0,0.1,-0.15,-0.3,-0.15,-0.15,0.15,-0.15,0.15,0.1,0.1,0.15,0.15,0.15,0.1,-0.15,-0.15,0.15,-0.15,-0.15,-0.15,0.1,0.1,0.1,0.15,0.1,0.15,-0.15,0.1,0.6,0.1,0.1,0.1,0.1,-0.15
PTR,-0.15,0.1,0.1,-0.15,-0.15,0.1,0.1,0.1,-0.15,0.1,-0.15,0.1,0.1,-0.15,-0.3,0.1,0.1,0.15,0.45,0.1,-0.15,0.15,0.15,0.1,0.15,0.45,-0.15,0.1,-0.15,0.45,0.15,0.15,0.15,0.15,-0.15,-0.15,0.1,0.1,-0.15,0.15,0.1,0.15,-0.15,-0.15,0.1,-0.15,-0.15,0.15,0.15,0.1,0.1,0.1,-0.15,-0.15,-0.15,-0.15,-0.15,-0.15,0.1,0.1,0.1,0.1,-0.15,0.1,-0.15,-0.15,0.1,0.1,0.15,-0.15,0.1,0.1,0.15,0.15,0.15,0.1,1.0,-0.15,0.15,0.1,-0.15,-0.15,-0.15,-0.15,-0.15,0.15,0.1,-0.15,0.1,0.1,-0.15,0.15,-0.15,-0.15,-0.15,-0.15,0.15,0.15,0.1,0.1,0.1,-0.15,0.15,0.1,0.1,-0.15,-0.15,-0.15,0.45,-0.15
PYPL,0.3,-0.15,0.1,0.15,0.3,0.15,0.1,0.1,0.3,0.1,0.1,0.1,-0.15,-0.15,0.15,0.1,-0.15,-0.15,-0.15,0.1,0.1,-0.15,0.1,0.1,0.1,-0.15,0.15,0.15,-0.15,-0.15,0.15,-0.15,-0.15,0.1,0.1,0.1,-0.15,0.1,0.15,-0.15,0.1,-0.15,-0.15,0.3,-0.15,-0.15,0.3,0.15,0.1,0.15,-0.15,0.1,0.1,-0.15,0.15,0.45,0.1,-0.15,0.15,0.3,-0.15,0.1,0.15,-0.15,0.15,0.3,-0.15,-0.15,0.1,0.15,0.15,-0.15,0.1,0.15,-0.3,-0.15,-0.15,1.0,-0.15,-0.15,-0.15,0.15,0.15,0.1,-0.15,-0.15,-0.15,-0.15,-0.15,-0.15,0.15,0.1,0.1,0.1,0.15,0.15,-0.15,0.1,0.1,0.15,-0.15,0.15,-0.15,-0.15,-0.15,0.15,0.15,0.1,-0.15,0.15
RDS-B,0.15,0.1,-0.15,-0.15,-0.15,0.1,0.15,-0.15,0.1,0.1,0.1,0.1,-0.15,0.1,-0.3,0.1,0.15,0.4,0.65,0.1,-0.15,0.15,-0.15,0.1,0.1,0.45,0.1,0.1,0.1,0.45,0.15,0.1,0.15,0.15,0.15,0.1,0.1,0.1,-0.15,0.1,-0.15,0.45,0.15,-0.15,0.15,-0.15,0.1,0.15,0.15,-0.15,0.1,0.15,0.15,0.1,0.1,0.1,0.1,-0.15,0.1,0.1,0.1,0.15,-0.15,0.15,0.1,0.15,0.1,0.1,0.15,0.1,0.15,0.1,0.1,0.1,0.1,-0.3,0.15,-0.15,1.0,0.4,0.15,-0.15,0.1,-0.15,-0.15,0.15,0.15,-0.15,0.15,0.15,-0.15,0.1,-0.15,0.1,-0.3,0.1,0.85,0.15,-0.15,0.1,0.1,0.1,0.15,0.15,0.1,-0.15,0.1,0.1,0.85,-0.15
RIO,0.1,-0.15,-0.15,0.1,-0.15,-0.15,0.1,-0.15,0.1,0.1,0.1,0.1,-0.15,-0.15,-0.15,0.1,0.65,0.65,0.15,0.15,0.1,0.15,0.1,-0.15,0.1,0.15,0.1,0.1,-0.15,0.15,0.1,0.1,0.1,0.1,-0.15,0.1,0.1,0.1,0.1,0.1,-0.15,0.15,0.1,0.1,0.45,0.1,0.1,0.15,0.15,0.15,-0.15,0.1,0.1,-0.15,0.1,-0.15,0.1,-0.15,0.15,0.15,-0.15,0.45,-0.15,0.1,0.1,0.15,0.15,0.1,-0.15,0.1,0.15,0.1,0.1,0.1,-0.15,-0.15,0.1,-0.15,0.4,1.0,0.1,-0.15,0.1,-0.15,0.1,0.1,0.15,-0.15,0.1,0.1,0.1,0.15,0.1,-0.15,0.1,0.1,0.15,0.1,0.1,0.1,0.15,-0.15,0.65,0.1,0.1,-0.15,0.1,0.1,0.15,-0.3
RTX,0.15,0.1,0.15,0.15,0.1,0.1,0.15,0.1,0.1,0.1,0.15,0.15,0.1,0.3,-0.3,0.15,-0.15,0.1,0.15,0.1,-0.15,0.3,0.1,0.1,0.1,0.15,0.15,0.15,0.1,0.15,0.15,0.15,0.1,0.15,0.1,0.15,0.1,0.1,0.1,0.1,0.1,0.15,0.1,0.1,0.1,0.15,0.15,0.15,0.45,-0.15,0.1,0.1,0.1,0.1,0.15,0.1,0.1,0.15,0.15,0.3,0.1,0.1,-0.15,0.1,0.15,0.3,0.1,0.1,0.1,0.1,0.1,0.15,0.1,0.15,-0.15,-0.15,-0.15,-0.15,0.15,0.1,1.0,0.1,0.1,0.15,0.15,0.1,0.15,-0.15,0.15,0.1,0.1,0.15,0.15,0.1,0.1,0.15,0.1,0.1,0.1,0.15,0.1,0.15,0.15,0.15,0.1,-0.15,0.1,0.15,0.15,-0.15
SBAC,0.15,-0.15,0.1,0.15,0.15,0.1,0.1,0.65,0.15,0.1,0.15,0.15,0.1,0.1,-0.15,0.1,-0.15,-0.15,-0.15,0.1,-0.15,0.1,0.65,0.3,0.15,-0.15,0.1,0.15,0.1,-0.15,0.15,0.1,-0.15,0.15,0.1,0.15,0.1,0.1,0.1,-0.15,0.3,-0.15,0.1,0.1,0.1,0.1,0.15,0.1,0.15,0.1,-0.15,0.1,-0.15,0.1,0.15,0.15,0.1,-0.15,0.1,0.15,0.1,-0.15,0.1,-0.15,0.15,0.15,-0.15,-0.15,0.1,0.15,0.15,0.1,0.1,0.15,0.1,0.15,-0.15,0.15,-0.15,-0.15,0.1,1.0,0.15,0.15,0.1,0.15,0.15,0.1,0.15,0.15,0.1,0.15,0.15,0.3,0.15,0.1,0.1,0.15,0.1,0.1,0.1,0.15,0.1,0.15,0.15,0.1,0.1,0.15,0.1,0.1
SBUX,0.3,0.1,0.1,0.15,0.15,0.15,0.1,0.1,0.3,0.1,0.1,0.15,0.1,-0.15,0.1,0.15,0.1,0.1,-0.15,0.15,0.1,0.1,0.1,0.1,0.15,-0.15,0.3,0.1,0.1,0.1,0.1,0.1,0.15,0.1,0.15,0.1,0.1,0.15,0.15,-0.15,0.1,-0.15,-0.15,0.15,0.1,-0.15,0.15,0.3,0.15,0.15,0.1,0.15,0.3,0.1,0.15,0.15,0.4,-0.15,0.15,0.15,0.1,-0.15,0.15,-0.15,0.3,0.15,0.1,0.1,0.1,0.1,0.3,-0.15,0.15,0.15,-0.15,-0.15,-0.15,0.15,0.1,0.1,0.1,0.15,1.0,0.15,0.15,0.15,0.1,-0.15,0.15,0.1,0.15,0.15,0.1,0.1,0.1,0.15,0.15,0.15,0.15,0.15,0.15,0.15,0.1,0.1,0.1,-0.15,0.15,0.1,0.1,-0.15
SCHW,0.15,0.1,0.1,0.15,0.15,0.15,0.1,-0.15,0.15,-0.15,0.15,0.15,0.1,0.1,-0.3,0.65,-0.15,0.1,-0.15,0.3,0.1,0.1,-0.15,0.1,0.1,-0.15,0.15,0.15,0.1,0.1,0.15,0.15,-0.15,0.1,-0.15,0.1,0.1,0.1,0.1,-0.15,0.15,-0.15,-0.15,0.15,0.1,-0.15,0.15,0.15,0.1,-0.15,0.1,0.65,0.1,0.1,0.15,0.3,0.1,-0.15,0.45,0.15,0.1,0.1,-0.15,-0.15,0.15,0.15,-0.15,-0.15,0.15,0.1,0.1,0.1,0.1,0.1,-0.15,0.15,-0.15,0.1,-0.15,-0.15,0.15,0.15,0.15,1.0,0.15,0.15,0.1,-0.15,0.1,0.15,0.1,0.15,0.1,0.15,0.1,0.15,0.1,0.15,0.15,0.15,0.15,0.3,0.1,0.1,0.1,0.15,0.15,0.1,0.1,-0.15
SHW,0.15,0.1,0.1,0.1,0.15,0.1,0.1,0.1,0.15,0.15,0.15,0.15,0.1,0.1,-0.15,0.15,-0.15,0.1,-0.15,0.1,-0.15,0.1,0.15,0.1,0.1,0.1,0.15,0.1,-0.15,0.1,0.15,0.15,0.1,0.15,0.1,0.1,0.1,0.15,0.15,0.1,0.1,-0.15,0.1,0.15,0.15,0.1,0.15,0.6,0.3,0.1,0.1,0.1,0.15,0.1,0.45,0.15,0.1,0.15,0.15,0.15,0.1,0.1,0.1,-0.15,0.15,0.15,0.15,0.1,0.1,0.15,0.15,0.1,0.3,0.15,-0.15,0.1,-0.15,-0.15,-0.15,0.1,0.15,0.1,0.15,0.15,1.0,0.15,0.15,0.1,0.15,0.15,0.15,0.15,0.15,0.15,0.15,0.1,0.1,0.15,0.15,0.15,0.15,0.1,0.15,0.1,0.15,-0.15,0.15,0.1,0.15,-0.15
SNP,0.15,0.15,0.1,0.15,0.15,0.1,0.15,0.1,0.15,0.1,0.1,0.15,0.1,0.1,-0.3,0.1,0.1,0.15,0.45,0.15,0.1,0.15,0.15,0.15,0.15,0.15,0.15,0.1,0.1,0.3,0.15,0.1,0.1,0.15,0.15,0.1,0.15,0.1,0.1,0.1,0.15,0.15,0.15,0.1,0.1,0.1,0.1,0.1,0.15,0.1,0.15,0.15,0.15,0.15,0.15,0.1,0.15,0.1,0.15,0.15,0.15,0.1,0.1,0.15,0.15,0.15,0.1,0.15,0.15,0.1,0.15,0.1,0.15,0.15,0.1,0.1,0.15,-0.15,0.15,0.1,0.1,0.15,0.15,0.15,0.15,1.0,0.15,-0.15,0.15,0.15,0.15,0.15,0.1,0.1,-0.15,0.1,0.45,0.15,0.15,0.15,0.15,0.15,0.15,0.15,0.15,0.1,0.1,0.15,0.65,-0.15
SO,0.1,0.1,0.1,0.1,0.15,0.1,0.15,0.1,0.15,0.15,0.1,0.1,0.15,-0.15,-0.15,0.1,0.1,0.1,0.15,0.1,-0.15,0.15,0.15,-0.15,0.1,0.15,0.15,0.15,0.1,0.15,0.15,0.15,0.1,0.15,0.1,0.15,0.3,0.15,0.15,0.15,0.1,0.15,0.15,0.1,0.1,0.15,0.1,0.15,0.15,-0.3,0.1,0.1,0.1,0.15,0.15,0.1,0.1,-0.15,0.1,0.15,0.45,0.15,-0.15,0.1,0.1,0.15,0.1,0.1,0.15,0.1,0.15,-0.15,0.1,0.15,-0.15,0.15,0.1,-0.15,0.15,0.15,0.15,0.15,0.1,0.1,0.15,0.15,1.0,0.1,0.15,0.15,0.1,0.1,0.15,0.15,0.15,0.15,0.15,0.15,0.15,0.15,0.15,0.15,0.1,0.15,0.15,-0.15,0.15,0.15,0.15,-0.15
SPG-PJ,-0.15,-0.15,-0.15,-0.15,-0.15,0.1,0.1,0.15,-0.15,-0.15,-0.15,-0.15,-0.15,-0.15,-0.3,-0.15,-0.15,-0.15,-0.15,0.1,0.15,-0.15,0.15,-0.15,0.15,-0.15,0.15,-0.15,0.15,-0.15,0.1,-0.15,-0.15,-0.15,-0.15,0.15,-0.15,-0.15,0.1,-0.15,0.1,-0.15,-0.15,-0.15,-0.15,-0.15,-0.15,0.15,0.1,-0.3,-0.15,-0.15,0.1,0.1,0.15,0.15,0.1,-0.15,-0.15,-0.15,-0.15,-0.15,-0.3,-0.15,0.1,-0.15,-0.15,-0.15,0.1,-0.15,0.1,-0.15,0.1,0.15,0.1,0.15,-0.15,-0.15,-0.15,-0.15,-0.15,0.1,-0.15,-0.15,0.1,-0.15,0.1,1.0,-0.15,-0.15,-0.15,-0.15,-0.15,-0.15,-0.15,-0.15,-0.15,0.1,-0.15,-0.15,-0.3,0.15,-0.15,-0.15,0.15,-0.15,-0.15,-0.15,-0.15,-0.3
SRE,0.1,0.1,0.15,0.15,0.1,0.1,0.15,0.15,0.15,0.15,0.1,0.1,0.15,0.1,-0.15,0.1,0.1,0.1,0.1,0.1,-0.15,0.1,0.15,0.15,0.1,0.1,0.15,0.1,0.1,0.1,0.15,0.1,0.1,0.15,0.1,0.15,0.15,0.1,0.1,0.15,0.3,0.15,0.15,0.1,0.1,0.1,0.1,0.15,0.3,0.1,0.1,0.1,0.1,0.15,0.15,0.15,0.1,0.1,0.1,0.15,0.45,-0.15,-0.15,0.15,0.1,0.15,0.1,0.1,0.15,0.1,0.15,0.1,0.15,0.15,0.1,0.15,0.1,-0.15,0.15,0.1,0.15,0.15,0.15,0.1,0.15,0.15,0.15,-0.15,1.0,0.1,0.1,0.1,0.1,0.1,-0.15,0.1,0.15,0.1,0.1,0.15,0.15,0.15,0.1,0.1,0.15,-0.15,0.1,0.45,0.1,0.1
T,0.15,0.15,0.1,0.1,0.1,0.1,0.15,0.15,-0.15,0.1,0.1,0.1,0.1,0.1,-0.3,0.15,-0.15,0.1,0.15,0.15,-0.15,0.1,0.15,0.1,0.15,0.15,0.15,0.15,0.1,0.1,0.15,0.1,0.1,0.1,0.1,0.1,0.1,0.1,0.1,0.1,0.1,0.1,0.1,0.1,0.1,-0.15,0.15,0.18,0.15,-0.15,0.1,0.15,0.15,0.1,0.1,0.1,0.1,-0.15,0.15,0.15,0.1,0.1,-0.15,0.1,0.15,0.15,0.1,0.1,0.1,0.1,0.15,0.1,0.1,0.1,0.1,0.1,0.1,-0.15,0.15,0.1,0.1,0.15,0.1,0.15,0.15,0.15,0.15,-0.15,0.1,1.0,0.15,0.15,0.15,0.15,0.1,0.15,0.45,0.15,0.15,0.15,0.15,0.15,0.1,0.65,0.15,0.15,0.15,0.15,0.15,-0.15
TGT,0.3,0.1,0.1,0.1,0.1,0.15,0.1,0.1,0.3,0.1,0.1,0.1,0.1,-0.15,-0.15,0.1,-0.15,0.1,-0.15,0.15,0.1,0.1,0.1,0.1,0.15,-0.15,0.45,0.15,0.1,-0.15,0.15,0.1,0.1,0.15,0.15,0.15,0.1,0.15,0.15,-0.15,0.1,-0.15,0.15,0.15,0.1,0.1,0.15,0.4,0.15,0.1,0.15,0.1,0.15,0.15,0.45,0.15,0.3,0.15,0.15,0.15,0.1,0.1,0.1,-0.15,0.4,0.15,0.1,0.1,0.15,0.1,0.15,0.1,0.45,0.1,-0.15,-0.15,-0.15,0.15,-0.15,0.1,0.1,0.1,0.15,0.1,0.15,0.15,0.1,-0.15,0.1,0.15,1.0,0.15,0.15,0.15,0.1,0.1,0.1,0.3,0.15,0.15,0.1,0.15,0.1,0.1,0.15,-0.15,0.65,0.1,0.1,-0.15
TM,0.15,0.15,0.1,0.15,0.15,0.1,0.15,0.15,0.15,0.15,0.15,0.1,0.1,0.15,-0.15,0.1,0.1,0.15,0.15,0.15,-0.15,0.3,0.15,0.1,0.1,0.1,0.15,0.15,0.1,0.15,0.15,0.15,0.1,0.15,0.15,0.1,0.1,0.15,0.15,-0.15,0.1,0.1,0.15,0.15,0.1,0.15,0.15,0.3,0.3,0.1,0.15,0.15,0.15,0.1,0.3,0.15,0.15,0.15,0.15,0.15,0.1,0.1,-0.15,-0.15,0.3,0.15,0.15,0.1,0.1,0.1,0.15,0.1,0.15,0.15,0.1,-0.15,0.15,0.1,0.1,0.15,0.15,0.15,0.15,0.15,0.15,0.15,0.1,-0.15,0.1,0.15,0.15,1.0,0.85,0.85,0.15,0.3,0.15,0.15,0.15,0.15,0.15,0.15,0.15,0.1,0.1,-0.15,0.15,0.1,0.15,-0.15
TMO,0.15,0.3,0.3,0.15,0.15,0.15,0.1,0.15,0.15,0.15,0.3,0.15,0.1,-0.15,-0.3,0.1,0.1,0.1,0.1,0.15,-0.15,0.15,0.15,0.1,0.1,0.1,0.15,0.1,0.1,-0.15,0.1,0.1,0.1,0.65,-0.15,0.15,0.1,0.15,0.15,0.1,0.15,-0.15,0.1,0.15,0.1,-0.15,0.15,0.3,0.3,0.1,0.4,0.15,0.1,0.3,0.15,0.3,0.15,0.15,0.15,0.3,0.1,0.1,0.1,-0.15,0.15,0.15,0.15,0.15,0.1,0.1,0.15,0.15,0.15,0.15,-0.15,0.15,-0.15,0.1,-0.15,0.1,0.15,0.15,0.1,0.1,0.15,0.1,0.15,-0.15,0.1,0.15,0.15,0.85,1.0,0.1,0.1,0.15,0.15,0.15,0.4,0.15,0.1,0.15,-0.1,0.1,0.15,-0.15,0.1,0.1,-0.15,-0.15
TMUS,0.3,0.1,0.1,0.15,0.15,0.15,0.15,0.3,0.15,0.1,0.15,0.15,0.1,-0.15,0.1,0.1,-0.15,0.1,-0.15,0.1,-0.15,0.1,0.15,0.3,0.15,0.1,0.15,0.15,0.1,0.1,0.15,0.1,0.1,0.15,0.15,0.15,0.1,0.1,0.1,0.1,0.15,-0.15,0.1,0.15,-0.15,0.1,0.15,0.18,0.15,0.1,0.1,0.1,0.1,0.15,0.15,0.1,0.1,-0.15,0.1,0.3,0.1,-0.15,0.15,0.1,0.15,0.3,0.1,0.1,0.1,0.15,0.15,0.1,0.1,0.15,0.1,-0.15,-0.15,0.1,0.1,-0.15,0.1,0.3,0.1,0.15,0.15,0.1,0.15,-0.15,0.1,0.15,0.15,0.85,0.1,1.0,0.15,0.15,0.1,0.15,0.15,0.15,0.15,0.15,0.1,0.45,0.1,-0.15,0.15,0.15,-0.15,0.15
TSLA,0.3,0.15,0.1,0.15,0.3,0.1,0.1,0.1,0.3,0.1,0.3,0.15,-0.15,0.1,0.15,0.15,-0.15,0.1,0.1,0.15,-0.15,0.1,0.1,0.15,0.15,-0.15,0.1,0.15,-0.15,-0.15,-0.15,0.15,-0.15,0.1,0.15,0.1,-0.15,0.1,0.1,-0.15,0.1,-0.15,-0.15,0.15,0.1,0.1,0.3,0.15,0.15,0.15,0.1,0.1,0.1,0.1,0.15,0.15,0.1,-0.15,0.1,0.3,0.1,-0.15,0.15,-0.15,0.15,0.45,-0.1,-0.15,0.1,0.15,0.1,-0.1,0.1,0.15,-0.15,-0.15,-0.15,0.15,-0.3,0.1,0.1,0.15,0.1,0.1,0.15,-0.15,0.15,-0.15,-0.15,0.1,0.1,0.15,0.1,0.15,1.0,0.3,0.1,0.1,0.1,0.15,0.15,0.15,0.1,-0.15,-0.15,-0.15,0.15,0.15,-0.3,0.15
TSM,0.3,0.1,0.1,0.15,0.3,0.1,0.1,0.1,0.3,0.15,0.85,0.65,-0.15,-0.15,0.15,0.15,-0.15,0.1,-0.15,0.15,-0.15,0.1,0.1,0.15,0.15,-0.15,0.15,0.3,-0.15,0.1,0.15,-0.15,-0.15,0.15,0.1,0.15,-0.15,0.1,0.1,-0.15,0.15,-0.15,0.1,0.3,0.1,0.1,0.3,0.15,0.15,0.15,0.1,0.1,0.1,0.15,0.15,0.15,0.1,-0.15,0.15,0.45,0.1,0.1,0.15,-0.15,0.15,0.65,0.1,0.1,0.1,0.3,0.1,0.1,-0.15,0.1,-0.15,-0.15,-0.15,0.15,0.1,0.1,0.15,0.1,0.15,0.15,0.1,0.1,0.15,-0.15,0.1,0.15,0.1,0.3,0.15,0.15,0.3,1.0,0.15,0.15,0.15,0.15,0.1,0.15,0.15,0.1,0.1,-0.15,0.15,0.1,0.15,0.1
TTE,0.1,0.15,0.1,0.15,0.1,0.1,0.1,0.1,0.15,0.15,0.1,0.1,0.1,0.1,-0.15,0.1,0.15,0.15,0.45,0.1,0.1,0.1,0.1,0.1,0.1,0.15,0.1,0.1,0.1,0.4,0.15,0.15,0.15,0.1,0.1,0.1,0.1,0.15,0.15,0.1,0.1,0.45,0.1,0.1,0.15,0.1,0.1,0.15,0.15,0.1,0.1,0.15,0.15,0.15,0.1,0.1,0.15,0.1,0.15,0.15,0.1,0.1,-0.15,0.1,0.1,0.15,0.15,0.15,0.15,0.1,0.1,0.1,0.15,0.1,0.15,0.1,0.15,-0.15,0.85,0.15,0.1,0.1,0.15,0.1,0.1,0.45,0.15,-0.15,0.15,0.45,0.1,0.15,0.15,0.1,0.1,0.15,1.0,0.15,0.1,0.1,0.1,0.1,0.15,0.1,0.1,-0.15,0.1,0.1,0.65,-0.15
UL,0.15,0.1,0.15,0.15,0.1,0.15,0.15,0.1,0.15,0.15,0.1,0.1,0.1,-0.15,-0.15,0.1,0.15,0.15,0.1,0.15,-0.15,0.15,0.15,0.1,0.15,0.1,0.3,0.1,-0.15,0.1,0.15,0.15,0.15,0.15,0.15,0.15,0.1,0.15,0.15,0.1,0.1,0.15,0.1,0.15,0.1,0.1,0.1,0.3,0.15,0.1,0.15,0.1,0.45,0.15,0.15,0.15,0.3,0.15,0.15,0.1,0.1,0.1,0.1,0.1,0.3,0.15,0.15,0.15,0.1,0.1,0.45,0.1,0.45,0.15,-0.15,0.1,0.15,0.1,0.15,0.1,0.1,0.15,0.15,0.15,0.15,0.15,0.15,0.1,0.1,0.15,0.3,0.15,0.15,0.15,0.1,0.15,0.15,1.0,0.15,0.45,0.1,0.1,0.1,0.15,0.15,-0.15,0.15,0.1,-0.15,0.1
UNH,0.15,0.4,0.3,0.15,0.15,0.15,0.15,0.1,0.15,0.15,0.15,0.1,0.1,-0.15,-0.3,0.1,-0.15,0.1,0.1,0.15,0.15,0.1,0.1,0.1,0.15,-0.15,0.15,0.15,-0.15,0.1,0.15,0.1,0.1,0.3,0.1,0.15,0.1,0.15,0.15,0.1,0.1,-0.15,0.1,0.15,0.1,0.1,0.15,0.3,0.15,0.1,0.55,0.15,0.1,0.45,0.15,0.15,0.15,0.15,0.18,0.3,0.1,0.1,0.1,-0.15,0.15,0.15,0.15,0.15,0.15,0.1,0.15,0.45,0.15,0.15,-0.15,0.1,0.1,0.1,-0.15,0.1,0.1,0.1,0.15,0.15,0.15,0.15,0.15,-0.15,0.1,0.15,0.15,0.15,0.4,0.15,0.1,0.15,0.1,0.15,1.0,0.1,0.1,0.15,-0.15,0.1,0.15,-0.3,0.15,0.1,-0.15,-0.15
UPS,0.3,0.1,0.15,0.15,0.15,0.15,0.15,0.15,0.45,0.1,0.1,0.15,0.1,0.15,-0.15,0.15,0.1,0.1,0.1,0.15,0.15,0.15,0.15,0.1,0.15,0.1,0.15,0.1,0.1,0.1,0.15,0.15,0.1,0.15,0.15,0.15,0.1,0.1,0.15,0.1,0.15,0.1,0.1,0.15,0.15,0.15,0.15,0.3,0.3,0.15,0.1,0.15,0.15,0.15,0.15,0.15,0.15,0.15,0.15,0.15,0.1,0.1,0.15,-0.15,0.3,0.15,0.1,0.1,0.15,0.15,0.15,0.1,0.15,0.45,-0.15,0.15,0.1,0.15,0.1,0.1,0.15,0.1,0.15,0.15,0.15,0.15,0.15,-0.15,0.15,0.15,0.15,0.15,0.15,0.15,0.15,0.15,0.1,0.45,0.1,1.0,0.3,0.3,0.1,0.15,0.15,0.15,0.3,0.1,0.15,0.1
Unp,0.1,0.1,0.1,0.15,0.15,0.1,0.15,0.15,0.15,0.15,0.15,0.1,0.15,0.15,-0.15,0.1,-0.15,0.1,-0.15,0.3,-0.15,0.15,0.15,0.1,0.1,0.1,0.15,0.1,-0.15,0.1,0.15,0.15,0.1,0.15,0.1,0.1,0.15,0.15,0.1,0.1,0.1,-0.15,0.1,-0.15,0.15,0.1,0.1,0.15,0.15,-0.15,0.1,0.15,0.1,0.1,0.15,0.15,0.15,0.1,0.15,0.15,0.1,0.1,-0.15,0.1,0.15,0.15,-0.15,-0.15,0.1,0.1,0.15,0.1,0.15,0.45,0.1,0.1,0.1,-0.15,0.1,0.15,0.1,0.1,0.15,0.15,0.15,0.15,0.15,-0.3,0.15,0.15,0.1,0.15,0.1,0.15,0.15,0.1,0.1,0.1,0.1,0.3,1.0,0.1,0.15,-0.15,0.1,-0.15,0.15,0.1,0.15,-0.35
V,0.15,0.1,0.15,0.15,0.15,0.15,0.15,0.1,0.15,0.15,0.15,0.15,0.1,0.15,-0.15,0.15,0.1,0.1,0.1,0.15,0.1,0.15,0.15,0.1,0.15,-0.15,0.15,0.15,0.15,0.15,0.15,0.1,0.1,0.15,0.15,0.1,0.1,0.1,0.15,0.1,0.15,0.1,0.15,0.1,0.1,0.1,0.15,0.3,0.15,-0.15,0.15,0.3,0.15,0.15,0.15,0.15,0.15,0.15,0.15,0.15,0.1,0.1,-0.15,0.1,0.3,0.3,0.15,0.1,0.1,0.15,0.15,0.1,0.15,0.15,-0.15,0.15,-0.15,0.15,0.1,-0.15,0.15,0.15,0.15,0.3,0.1,0.15,0.15,0.15,0.15,0.15,0.15,0.15,0.15,0.15,0.15,0.15,0.1,0.1,0.15,0.3,0.1,1.0,0.1,0.15,0.1,-0.15,0.15,0.1,-0.15,0.1
VALE,0.15,0.1,-0.15,0.1,-0.15,0.1,0.1,0.1,0.1,0.15,0.15,0.15,-0.15,-0.15,-0.15,0.15,0.15,0.65,0.15,0.1,0.1,0.15,0.1,-0.15,0.1,0.15,0.1,0.1,-0.15,0.15,0.1,0.15,0.1,0.1,-0.15,-0.15,-0.15,0.1,0.1,0.1,0.1,0.15,0.1,0.1,0.45,0.1,0.1,0.15,0.15,0.1,-0.15,0.1,-0.15,0.1,-0.15,0.1,0.1,-0.15,0.15,0.15,0.1,0.15,-0.15,-0.15,0.1,0.15,0.15,0.1,-0.15,0.1,0.15,0.1,0.1,0.1,-0.15,-0.15,0.15,-0.15,0.15,0.65,0.15,0.1,0.1,0.1,0.15,0.15,0.1,-0.15,0.1,0.1,0.1,0.15,-0.1,0.1,0.1,0.15,0.15,0.1,-0.15,0.1,0.15,0.1,1.0,-0.15,0.1,-0.15,0.1,0.1,0.15,-0.15
VZ,0.1,0.1,0.1,0.15,-0.15,0.1,0.1,0.15,0.1,0.1,0.1,0.1,0.1,-0.3,-0.3,0.1,-0.15,0.1,0.1,0.1,-0.1,0.1,0.15,0.15,0.15,0.1,0.1,0.15,-0.15,0.1,0.1,-0.15,-0.15,0.1,-0.15,0.1,0.1,0.1,-0.1,0.1,0.15,0.1,0.1,0.1,-0.15,0.1,0.15,0.1,0.15,-0.15,0.1,0.15,0.1,0.1,0.15,-0.15,0.1,-0.15,0.15,0.1,0.1,-0.15,-0.15,0.1,0.1,0.1,-0.15,0.1,0.1,0.1,0.1,0.1,0.1,0.1,-0.15,0.1,0.1,-0.15,0.15,0.1,0.15,0.15,0.1,0.1,0.1,0.15,0.15,-0.15,0.1,0.65,0.1,0.1,0.1,0.45,-0.15,0.1,0.1,0.15,0.1,0.15,-0.15,0.15,-0.15,1.0,0.1,-0.15,0.1,0.15,0.1,-0.15
WELL,0.1,0.1,0.15,0.1,-0.15,0.1,0.15,0.15,0.15,0.1,0.1,-0.15,0.15,-0.15,-0.3,0.1,-0.15,0.1,0.15,0.1,-0.15,0.1,0.15,0.1,0.1,0.1,0.15,0.1,0.1,0.15,0.1,0.1,0.1,0.1,0.1,0.15,0.15,0.15,0.15,0.1,0.45,0.1,0.15,0.1,-0.15,-0.15,0.1,0.15,0.1,-0.15,0.15,0.1,0.1,0.15,0.15,0.1,0.1,0.1,0.15,0.1,0.3,0.1,-0.15,0.1,0.1,0.1,0.1,0.1,0.15,0.1,0.1,0.1,0.15,0.15,0.1,0.6,0.1,-0.15,0.1,0.1,0.1,0.15,0.1,0.1,0.15,0.15,0.15,0.15,0.15,0.15,0.15,0.1,0.15,0.1,-0.15,0.1,0.1,0.15,0.15,0.15,0.1,0.1,0.1,0.1,1.0,-0.15,0.1,0.1,-0.15,-0.15
WFC-PL,0.1,-0.15,-0.15,0.1,-0.3,0.15,-0.15,-0.15,-0.15,-0.1,-0.15,-0.15,-0.15,-0.15,-0.3,0.45,-0.15,-0.15,-0.15,0.15,-0.15,0.1,-0.15,-0.15,-0.15,-0.15,-0.15,-0.15,-0.15,-0.15,-0.1,-0.15,-0.15,0.1,-0.15,-0.15,-0.15,-0.15,-0.15,-0.15,-0.15,-0.15,-0.15,-0.3,-0.15,-0.15,0.1,-0.15,0.1,-0.3,-0.15,0.65,-0.15,-0.15,-0.1,0.15,-0.15,-0.15,0.15,0.1,-0.15,-0.15,-0.15,-0.15,-0.15,0.15,-0.15,-0.15,-0.15,-0.15,-0.15,-0.15,-0.15,0.1,-0.15,0.1,-0.15,0.15,-0.15,-0.15,-0.15,0.1,-0.15,0.15,-0.15,0.1,-0.15,-0.15,-0.15,0.15,-0.15,-0.15,-0.15,-0.15,-0.15,-0.15,-0.15,-0.15,-0.3,0.15,-0.15,-0.15,-0.15,-0.15,-0.15,1.0,0.15,0.1,-0.3,-0.3
WMT,0.15,0.15,0.1,0.15,0.15,0.1,0.15,0.15,0.45,0.1,0.1,0.1,0.1,-0.15,-0.15,0.15,0.1,0.1,0.1,0.15,0.1,0.15,0.1,0.1,0.15,-0.15,0.65,0.15,0.1,0.1,0.1,0.15,0.1,0.15,0.1,0.1,0.1,0.1,0.1,0.1,0.1,0.1,0.1,0.15,0.1,0.1,0.15,0.6,0.15,0.3,0.15,0.15,0.15,0.1,0.45,0.15,0.3,0.15,0.15,0.15,0.15,-0.15,0.1,0.1,0.3,0.15,0.1,0.1,0.1,0.15,0.3,0.1,0.3,0.15,-0.15,0.1,-0.15,0.15,0.1,0.1,0.1,0.1,0.15,0.15,0.15,0.1,0.15,-0.15,0.1,0.15,0.65,0.15,0.1,0.15,0.15,0.15,0.1,0.15,0.15,0.3,0.15,0.15,0.1,0.1,0.1,0.15,1.0,0.1,0.15,-0.15
XEL,0.1,0.1,0.1,0.15,0.1,0.1,0.45,0.15,0.1,0.1,0.15,0.15,0.15,0.1,-0.15,0.1,0.1,-0.15,0.1,0.1,0.1,0.1,0.15,0.15,0.15,0.1,0.1,0.15,0.1,0.1,0.15,0.1,0.1,0.15,0.1,0.15,0.15,0.15,0.15,0.1,0.1,0.1,0.6,0.1,0.1,0.1,0.1,0.15,0.15,-0.15,0.1,-0.15,0.1,0.15,0.15,0.1,0.1,0.1,0.1,0.1,0.65,0.1,-0.15,0.15,0.1,0.15,0.1,0.1,0.15,0.1,0.1,0.1,0.1,0.1,0.1,0.1,-0.15,0.1,0.1,0.1,0.15,0.15,0.1,0.1,0.1,0.15,0.15,-0.15,0.45,0.15,0.1,0.1,0.1,0.15,0.15,0.1,0.1,0.1,0.1,0.1,0.1,0.1,0.1,0.15,0.1,0.1,0.1,1.0,0.1,-0.15
XOM,0.15,0.1,0.1,0.1,-0.3,0.1,0.15,0.1,0.1,0.15,-0.15,0.1,-0.15,0.15,-0.3,0.15,0.15,0.45,0.75,0.1,0.15,0.15,0.1,-0.15,0.1,0.78,0.1,0.1,-0.15,0.85,0.1,0.15,0.1,0.1,-0.3,-0.15,0.1,0.15,-0.15,0.15,-0.3,0.65,-0.15,-0.15,0.15,-0.15,0.1,0.15,0.15,-0.15,0.1,0.15,0.1,0.1,0.1,-0.15,0.1,0.1,0.1,0.1,0.1,0.1,-0.15,0.15,-0.15,0.15,0.1,0.1,-0.15,0.1,0.15,0.1,0.15,0.1,-0.15,0.1,0.45,-0.15,0.85,0.15,0.15,0.1,0.1,0.1,0.15,0.65,0.15,-0.15,0.1,0.15,0.1,0.15,-0.15,-0.15,-0.3,0.15,0.65,-0.15,-0.15,0.15,0.15,-0.15,0.15,0.1,-0.15,-0.3,0.15,0.1,1.0,-0.3
snap,0.15,-0.15,-0.15,-0.15,0.15,-0.15,-0.15,-0.15,0.15,-0.3,0.1,-0.15,-0.15,-0.3,-0.3,-0.3,-0.15,-0.15,-0.15,-0.15,-0.15,-0.15,-0.15,-0.15,0.15,-0.15,-0.15,0.1,-0.15,-0.3,-0.3,-0.3,-0.15,-0.15,-0.15,-0.15,-0.3,-0.15,-0.15,-0.15,-0.3,-0.15,-0.15,0.45,-0.15,-0.3,0.15,0.15,-0.15,0.15,-0.3,-0.3,-0.15,-0.15,-0.15,-0.3,-0.3,-0.3,-0.15,0.15,-0.15,-0.15,0.15,-0.15,0.1,0.15,-0.15,-0.15,-0.3,-0.15,-0.15,-0.3,-0.3,-0.15,-0.3,-0.15,-0.15,0.15,-0.15,-0.3,-0.15,0.1,-0.15,-0.15,-0.15,-0.15,-0.15,-0.3,0.1,-0.15,-0.15,-0.15,-0.15,0.15,0.15,0.1,-0.15,0.1,-0.15,0.1,-0.35,0.1,-0.15,-0.15,-0.15,-0.3,-0.15,-0.15,-0.3,1.0
